id,meta,title,created,category,contents,keywords,attachment,featuredimage
1,NULL,স্বাধীনতার সুবর্ণ জয়ন্তী সম্পর্কে কিছু কথা,2021-12-08 00:00:00,Others,"বাংলাদেশের স্বাধীনতার সুবর্ণজয়ন্তী হলো ১৯৭১ সালে ২৬ মার্চ থেকে ১৬ ডিসেম্বর নয়মাস সশস্ত্র মুক্তিযুদ্ধের মাধ্যমে পাকিস্তানের কাছ থেকে বাংলাদেশের স্বাধীনতা অর্জনের ৫০ বছরপূর্তি পালনের জন্য বাংলাদেশ সরকার কর্তৃৃক ঘোষিত একটি বার্ষিক পরিকল্পনা। সরকার ২৬ মার্চ ২০২১ থেকে ১৬ ডিসেম্বর ২০২১ পর্যন্ত স্বাধীনতার সুবর্ণ জয়ন্তী পালনের ঘোষণা দিয়েছে। ২০০৮ সালের সংসদীয় নির্বাচনে আওয়ামী লীগের নির্বাচনী ইস্তেহারের মধ্যে ২০২১ সালে স্বাধীনতার সুবর্ণজয়ন্তীকে সামনে রেখে ""রূপকল্প ২০২১"" ঘোষণা করে, যেখানে ২০২১ সালের মধ্যেই বাংলাদেশকে একটি উন্নয়নশীল, ডিজিটাল ও আধুনিক রাষ্ট্রে পরিণত করার প্রত্যয় দেয়া হয়। বিভিন্ন দেশের রাষ্ট্রপ্রধানগণ বছরজুড়ে উদযাপিত অনুষ্ঠানে যোগ দেয়ার কথা রয়েছে।বাংলাদেশের স্বাধীনতার সুবর্ণজয়ন্তী হলো ১৯৭১ সালে ২৬ মার্চ থেকে ১৬ ডিসেম্বর নয়মাস সশস্ত্র মুক্তিযুদ্ধের মাধ্যমে পাকিস্তানের কাছ থেকে বাংলাদেশের স্বাধীনতা অর্জনের ৫০ বছরপূর্তি পালনের জন্য বাংলাদেশ সরকার কর্তৃৃক ঘোষিত একটি বার্ষিক পরিকল্পনা। সরকার ২৬ মার্চ ২০২১ থেকে ১৬ ডিসেম্বর ২০২১ পর্যন্ত স্বাধীনতার সুবর্ণ জয়ন্তী পালনের ঘোষণা দিয়েছে। ২০০৮ সালের সংসদীয় নির্বাচনে আওয়ামী লীগের নির্বাচনী ইস্তেহারের মধ্যে ২০২১ সালে স্বাধীনতার সুবর্ণজয়ন্তীকে সামনে রেখে ""রূপকল্প ২০২১"" ঘোষণা করে, যেখানে ২০২১ সালের মধ্যেই বাংলাদেশকে একটি উন্নয়নশীল, ডিজিটাল ও আধুনিক রাষ্ট্রে পরিণত করার প্রত্যয় দেয়া হয়। বিভিন্ন দেশের রাষ্ট্রপ্রধানগণ বছরজুড়ে উদযাপিত অনুষ্ঠানে যোগ দেয়ার কথা রয়েছে।বাংলাদেশের স্বাধীনতার সুবর্ণজয়ন্তী হলো ১৯৭১ সালে ২৬ মার্চ থেকে ১৬ ডিসেম্বর নয়মাস সশস্ত্র মুক্তিযুদ্ধের মাধ্যমে পাকিস্তানের কাছ থেকে বাংলাদেশের স্বাধীনতা অর্জনের ৫০ বছরপূর্তি পালনের জন্য বাংলাদেশ সরকার কর্তৃৃক ঘোষিত একটি বার্ষিক পরিকল্পনা। সরকার ২৬ মার্চ ২০২১ থেকে ১৬ ডিসেম্বর ২০২১ পর্যন্ত স্বাধীনতার সুবর্ণ জয়ন্তী পালনের ঘোষণা দিয়েছে। ২০০৮ সালের সংসদীয় নির্বাচনে আওয়ামী লীগের নির্বাচনী ইস্তেহারের মধ্যে ২০২১ সালে স্বাধীনতার সুবর্ণজয়ন্তীকে সামনে রেখে ""রূপকল্প ২০২১"" ঘোষণা করে, যেখানে ২০২১ সালের মধ্যেই বাংলাদেশকে একটি উন্নয়নশীল, ডিজিটাল ও আধুনিক রাষ্ট্রে পরিণত করার প্রত্যয় দেয়া হয়। বিভিন্ন দেশের রাষ্ট্রপ্রধানগণ বছরজুড়ে উদযাপিত অনুষ্ঠানে যোগ দেয়ার কথা রয়েছে।",NULL,attachment2021-12-08-16-05-20_61b0c9b02f0f3.pdf,featuredimage2022-03-20-07-54-47_6236cfb701559.jpg
7,NULL,মুজিববর্ষের শপথ অনুষ্ঠানের ভিডিও,2022-03-20 00:00:00,Videos,"<iframe width=""560"" height=""315"" src=""https://www.youtube.com/embed/_j5Q6HIIwlA"" title=""YouTube video player"" frameborder=""0"" allow=""accelerometer; autoplay; clipboard-write; encrypted-media; gyroscope; picture-in-picture"" allowfullscreen></iframe>",NULL,attachment2022-03-20-08-06-20_6236d26cad932.pdf,featuredimage2022-03-20-08-06-20_6236d26cad92d.jpg
8,NULL,স্বাধীনতার সুবর্ণজয়ন্তী ও মুজিব-বর্ষ আয়োজন,2022-03-20 00:00:00,Videos,"<iframe width=""100%"" height=""315"" src=""https://www.youtube.com/embed/FZpwlaftriU"" title=""YouTube video player"" frameborder=""0"" allow=""accelerometer; autoplay; clipboard-write; encrypted-media; gyroscope; picture-in-picture"" allowfullscreen></iframe>",NULL,attachment2022-03-20-08-28-46_6236d7ae7daa1.pdf,featuredimage2022-03-20-08-28-46_6236d7ae7da9c.jpg
9,NULL,বাংলাদেশের স্বাধীনতার সুবর্ণজয়ন্তী,2022-03-20 00:00:00,Activities,"বাংলাদেশের স্বাধীনতার সুবর্ণজয়ন্তী হলো ১৯৭১ সালে ২৬ মার্চ থেকে ১৬ ডিসেম্বর নয়মাস সশস্ত্র মুক্তিযুদ্ধের মাধ্যমে পাকিস্তানের কাছ থেকে বাংলাদেশের স্বাধীনতা অর্জনের ৫০ বছরপূর্তি পালনের জন্য বাংলাদেশ সরকার কর্তৃৃক ঘোষিত একটি বার্ষিক পরিকল্পনা। সরকার ২৬ মার্চ ২০২১ থেকে ১৬ ডিসেম্বর ২০২১ পর্যন্ত স্বাধীনতার সুবর্ণ জয়ন্তী পালনের ঘোষণা দিয়েছে। ২০০৮ সালের সংসদীয় নির্বাচনে আওয়ামী লীগের নির্বাচনী ইস্তেহারের মধ্যে ২০২১ সালে স্বাধীনতার সুবর্ণজয়ন্তীকে সামনে রেখে \\""রূপকল্প ২০২১\\"" ঘোষণা করে, যেখানে ২০২১ সালের মধ্যেই বাংলাদেশকে একটি উন্নয়নশীল, ডিজিটাল ও আধুনিক রাষ্ট্রে পরিণত করার প্রত্যয় দেয়া হয়। বিভিন্ন দেশের রাষ্ট্রপ্রধানগণ বছরজুড়ে উদযাপিত অনুষ্ঠানে যোগ দেয়ার কথা রয়েছে।বাংলাদেশের স্বাধীনতার সুবর্ণজয়ন্তী হলো ১৯৭১ সালে ২৬ মার্চ থেকে ১৬ ডিসেম্বর নয়মাস সশস্ত্র মুক্তিযুদ্ধের মাধ্যমে পাকিস্তানের কাছ থেকে বাংলাদেশের স্বাধীনতা অর্জনের ৫০ বছরপূর্তি পালনের জন্য বাংলাদেশ সরকার কর্তৃৃক ঘোষিত একটি বার্ষিক পরিকল্পনা। সরকার ২৬ মার্চ ২০২১ থেকে ১৬ ডিসেম্বর ২০২১ পর্যন্ত স্বাধীনতার সুবর্ণ জয়ন্তী পালনের ঘোষণা দিয়েছে। ২০০৮ সালের সংসদীয় নির্বাচনে আওয়ামী লীগের নির্বাচনী ইস্তেহারের মধ্যে ২০২১ সালে স্বাধীনতার সুবর্ণজয়ন্তীকে সামনে রেখে \\""রূপকল্প ২০২১\\"" ঘোষণা করে, যেখানে ২০২১ সালের মধ্যেই বাংলাদেশকে একটি উন্নয়নশীল, ডিজিটাল ও আধুনিক রাষ্ট্রে পরিণত করার প্রত্যয় দেয়া হয়। বিভিন্ন দেশের রাষ্ট্রপ্রধানগণ বছরজুড়ে উদযাপিত অনুষ্ঠানে যোগ দেয়ার কথা রয়েছে।",NULL,attachment2022-03-20-09-10-37_6236e17dd2c4c.pdf,featuredimage2022-03-20-09-10-37_6236e17dd2ae3.jpg
10,NULL, ৫০ বছরপূর্তি পালনের জন্য বাংলাদেশ সরকার কর্তৃৃক ঘোষিত একটি বার্ষিক পরিকল্পনা,2022-03-20 00:00:00,Activities,"বাংলাদেশের স্বাধীনতার সুবর্ণজয়ন্তী হলো ১৯৭১ সালে ২৬ মার্চ থেকে ১৬ ডিসেম্বর নয়মাস সশস্ত্র মুক্তিযুদ্ধের মাধ্যমে পাকিস্তানের কাছ থেকে বাংলাদেশের স্বাধীনতা অর্জনের ৫০ বছরপূর্তি পালনের জন্য বাংলাদেশ সরকার কর্তৃৃক ঘোষিত একটি বার্ষিক পরিকল্পনা। সরকার ২৬ মার্চ ২০২১ থেকে ১৬ ডিসেম্বর ২০২১ পর্যন্ত স্বাধীনতার সুবর্ণ জয়ন্তী পালনের ঘোষণা দিয়েছে। ২০০৮ সালের সংসদীয় নির্বাচনে আওয়ামী লীগের নির্বাচনী ইস্তেহারের মধ্যে ২০২১ সালে স্বাধীনতার সুবর্ণজয়ন্তীকে সামনে রেখে \\""রূপকল্প ২০২১\\"" ঘোষণা করে, যেখানে ২০২১ সালের মধ্যেই বাংলাদেশকে একটি উন্নয়নশীল, ডিজিটাল ও আধুনিক রাষ্ট্রে পরিণত করার প্রত্যয় দেয়া হয়। বিভিন্ন দেশের রাষ্ট্রপ্রধানগণ বছরজুড়ে উদযাপিত অনুষ্ঠানে যোগ দেয়ার কথা রয়েছে।বাংলাদেশের স্বাধীনতার সুবর্ণজয়ন্তী হলো ১৯৭১ সালে ২৬ মার্চ থেকে ১৬ ডিসেম্বর নয়মাস সশস্ত্র মুক্তিযুদ্ধের মাধ্যমে পাকিস্তানের কাছ থেকে বাংলাদেশের স্বাধীনতা অর্জনের ৫০ বছরপূর্তি পালনের জন্য বাংলাদেশ সরকার কর্তৃৃক ঘোষিত একটি বার্ষিক পরিকল্পনা। সরকার ২৬ মার্চ ২০২১ থেকে ১৬ ডিসেম্বর ২০২১ পর্যন্ত স্বাধীনতার সুবর্ণ জয়ন্তী পালনের ঘোষণা দিয়েছে। ২০০৮ সালের সংসদীয় নির্বাচনে আওয়ামী লীগের নির্বাচনী ইস্তেহারের মধ্যে ২০২১ সালে স্বাধীনতার সুবর্ণজয়ন্তীকে সামনে রেখে \\""রূপকল্প ২০২১\\"" ঘোষণা করে, যেখানে ২০২১ সালের মধ্যেই বাংলাদেশকে একটি উন্নয়নশীল, ডিজিটাল ও আধুনিক রাষ্ট্রে পরিণত করার প্রত্যয় দেয়া হয়। বিভিন্ন দেশের রাষ্ট্রপ্রধানগণ বছরজুড়ে উদযাপিত অনুষ্ঠানে যোগ দেয়ার কথা রয়েছে।",NULL,attachment2022-03-20-09-18-14_6236e34674deb.pdf,featuredimage2022-03-20-09-18-14_6236e34674cb2.jpg
11,NULL,বাংলাদেশের স্বাধীনতার সুবর্ণজয়ন্তী,2022-03-20 00:00:00,Activities,"বাংলাদেশের স্বাধীনতার সুবর্ণজয়ন্তী হলো ১৯৭১ সালে ২৬ মার্চ থেকে ১৬ ডিসেম্বর নয়মাস সশস্ত্র মুক্তিযুদ্ধের মাধ্যমে পাকিস্তানের কাছ থেকে বাংলাদেশের স্বাধীনতা অর্জনের ৫০ বছরপূর্তি পালনের জন্য বাংলাদেশ সরকার কর্তৃৃক ঘোষিত একটি বার্ষিক পরিকল্পনা। সরকার ২৬ মার্চ ২০২১ থেকে ১৬ ডিসেম্বর ২০২১ পর্যন্ত স্বাধীনতার সুবর্ণ জয়ন্তী পালনের ঘোষণা দিয়েছে। ২০০৮ সালের সংসদীয় নির্বাচনে আওয়ামী লীগের নির্বাচনী ইস্তেহারের মধ্যে ২০২১ সালে স্বাধীনতার সুবর্ণজয়ন্তীকে সামনে রেখে \\""রূপকল্প ২০২১\\"" ঘোষণা করে, যেখানে ২০২১ সালের মধ্যেই বাংলাদেশকে একটি উন্নয়নশীল, ডিজিটাল ও আধুনিক রাষ্ট্রে পরিণত করার প্রত্যয় দেয়া হয়। বিভিন্ন দেশের রাষ্ট্রপ্রধানগণ বছরজুড়ে উদযাপিত অনুষ্ঠানে যোগ দেয়ার কথা রয়েছে।বাংলাদেশের স্বাধীনতার সুবর্ণজয়ন্তী হলো ১৯৭১ সালে ২৬ মার্চ থেকে ১৬ ডিসেম্বর নয়মাস সশস্ত্র মুক্তিযুদ্ধের মাধ্যমে পাকিস্তানের কাছ থেকে বাংলাদেশের স্বাধীনতা অর্জনের ৫০ বছরপূর্তি পালনের জন্য বাংলাদেশ সরকার কর্তৃৃক ঘোষিত একটি বার্ষিক পরিকল্পনা। সরকার ২৬ মার্চ ২০২১ থেকে ১৬ ডিসেম্বর ২০২১ পর্যন্ত স্বাধীনতার সুবর্ণ জয়ন্তী পালনের ঘোষণা দিয়েছে। ২০০৮ সালের সংসদীয় নির্বাচনে আওয়ামী লীগের নির্বাচনী ইস্তেহারের মধ্যে ২০২১ সালে স্বাধীনতার সুবর্ণজয়ন্তীকে সামনে রেখে \\""রূপকল্প ২০২১\\"" ঘোষণা করে, যেখানে ২০২১ সালের মধ্যেই বাংলাদেশকে একটি উন্নয়নশীল, ডিজিটাল ও আধুনিক রাষ্ট্রে পরিণত করার প্রত্যয় দেয়া হয়। বিভিন্ন দেশের রাষ্ট্রপ্রধানগণ বছরজুড়ে উদযাপিত অনুষ্ঠানে যোগ দেয়ার কথা রয়েছে।",NULL,attachment2022-03-20-09-10-37_6236e17dd2c4c.pdf,featuredimage2022-03-20-09-10-37_6236e17dd2ae3.jpg
12,NULL, ২০২১ সালে স্বাধীনতার সুবর্ণজয়ন্তীকে সামনে রেখে ,2022-03-20 00:00:00,Activities,"বাংলাদেশের স্বাধীনতার সুবর্ণজয়ন্তী হলো ১৯৭১ সালে ২৬ মার্চ থেকে ১৬ ডিসেম্বর নয়মাস সশস্ত্র মুক্তিযুদ্ধের মাধ্যমে পাকিস্তানের কাছ থেকে বাংলাদেশের স্বাধীনতা অর্জনের ৫০ বছরপূর্তি পালনের জন্য বাংলাদেশ সরকার কর্তৃৃক ঘোষিত একটি বার্ষিক পরিকল্পনা। সরকার ২৬ মার্চ ২০২১ থেকে ১৬ ডিসেম্বর ২০২১ পর্যন্ত স্বাধীনতার সুবর্ণ জয়ন্তী পালনের ঘোষণা দিয়েছে। ২০০৮ সালের সংসদীয় নির্বাচনে আওয়ামী লীগের নির্বাচনী ইস্তেহারের মধ্যে ২০২১ সালে স্বাধীনতার সুবর্ণজয়ন্তীকে সামনে রেখে \\""রূপকল্প ২০২১\\"" ঘোষণা করে, যেখানে ২০২১ সালের মধ্যেই বাংলাদেশকে একটি উন্নয়নশীল, ডিজিটাল ও আধুনিক রাষ্ট্রে পরিণত করার প্রত্যয় দেয়া হয়। বিভিন্ন দেশের রাষ্ট্রপ্রধানগণ বছরজুড়ে উদযাপিত অনুষ্ঠানে যোগ দেয়ার কথা রয়েছে।বাংলাদেশের স্বাধীনতার সুবর্ণজয়ন্তী হলো ১৯৭১ সালে ২৬ মার্চ থেকে ১৬ ডিসেম্বর নয়মাস সশস্ত্র মুক্তিযুদ্ধের মাধ্যমে পাকিস্তানের কাছ থেকে বাংলাদেশের স্বাধীনতা অর্জনের ৫০ বছরপূর্তি পালনের জন্য বাংলাদেশ সরকার কর্তৃৃক ঘোষিত একটি বার্ষিক পরিকল্পনা। সরকার ২৬ মার্চ ২০২১ থেকে ১৬ ডিসেম্বর ২০২১ পর্যন্ত স্বাধীনতার সুবর্ণ জয়ন্তী পালনের ঘোষণা দিয়েছে। ২০০৮ সালের সংসদীয় নির্বাচনে আওয়ামী লীগের নির্বাচনী ইস্তেহারের মধ্যে ২০২১ সালে স্বাধীনতার সুবর্ণজয়ন্তীকে সামনে রেখে \\""রূপকল্প ২০২১\\"" ঘোষণা করে, যেখানে ২০২১ সালের মধ্যেই বাংলাদেশকে একটি উন্নয়নশীল, ডিজিটাল ও আধুনিক রাষ্ট্রে পরিণত করার প্রত্যয় দেয়া হয়। বিভিন্ন দেশের রাষ্ট্রপ্রধানগণ বছরজুড়ে উদযাপিত অনুষ্ঠানে যোগ দেয়ার কথা রয়েছে। ",NULL,attachment2022-03-20-09-26-03_6236e51b4e4c2.pdf,featuredimage2022-03-20-09-26-53_6236e54d17504.jpg
13,NULL,স্বাধীনতার সুবর্ণ জয়ন্তী,2022-03-20 00:00:00,Photos,  ,NULL,attachment2022-03-20-09-40-11_6236e86b76d08.pdf,featuredimage2022-07-19-08-53-51_62d6711fbf098.jpg
14,NULL,স্বাধীনতার সুবর্ণ জয়ন্তী,2022-03-20 00:00:00,Photos,  ,NULL,attachment2022-03-20-09-40-22_6236e876ecb0c.pdf,featuredimage2022-07-19-08-52-33_62d670d1d50de.jpg
15,NULL,স্বাধীনতার সুবর্ণ জয়ন্তী,2022-03-20 00:00:00,Photos,NULL,NULL,attachment2022-03-20-09-40-37_6236e885d9fe1.pdf,featuredimage2022-03-20-09-40-37_6236e885d9d30.jpg
16,NULL,স্বাধীনতার সুবর্ণ জয়ন্তী,2022-03-20 00:00:00,Photos,  ,NULL,attachment2022-03-20-09-41-19_6236e8afd8a28.pdf,featuredimage2022-07-19-05-30-43_62d64183de7c5.jpg
17,NULL,স্বাধীনতার সুবর্ণ জয়ন্তী,2022-03-20 00:00:00,Photos,  ,NULL,attachment2022-03-20-09-41-30_6236e8bad59a4.pdf,featuredimage2022-07-19-05-28-15_62d640ef525e1.jpg
18,NULL,স্বাধীনতার সুবর্ণ জয়ন্তী,2022-03-20 00:00:00,Photos,  ,NULL,attachment2022-03-20-09-41-42_6236e8c6a2f1d.pdf,featuredimage2022-07-19-05-26-38_62d6408e6dbb5.jpg

