id,head,about,contact,groups,students,department
15,জনাব মোহাম্মদ ইসমাইল হোসেন,0,01711484427,Arts,0,[11] ENGLISH
16,প্রফেসর মোহাম্মদ একরামুল হক,0,01815680255,Arts,0,[16] ISLAMIC HISTORY & CULTURE
17,প্রফেসর খালেদ মামুন,  0,01715147861,Arts,0,[17] PHILOSOPHY
18,প্রফেসর মোহাম্মদ মোজ্জম্মেলুল হক,  0,01713370938,Arts,0,[18] ISLAMIC STUDIES
19,ড. মো: লোকমান ভূইয়া,  0,01813141214,Arts,0,[19] POLITICAL SCIENCE
20,ড. মোহাম্মদ আলাউদ্দিন আল আজাদ,0,01924399029,Arts,0,[20] SOCIOLOGY
21,জনাব মো: শরীফ হোসেন,  0,০১৭১২৫৫৫৩৪৪,Arts,0,[22] ECONOMICS
22,প্রফেসর মোহাম্মদ তাজুল ইসলাম,  0,01711045577,Business Studies,0,[25] ACCOUNTING
23,প্রফেসর ড. মোহাম্মদ মোজাম্মেল হোসেন চেৌধুরী,  0,01711315206,Business Studies,0,[26] MANAGEMENT
24,জনাব  মো: শরীফুল আলম,  0,01711117476,Science,0,[27] PHYSICS
25,জনাব মোহাম্মদ আবদুল জলিল,  0,01818187060,Science,0,[28] CHEMISTRY
26,প্রফেসর মো: শহীদ উল্লাহ,  0,01712880536,Science,0,[30] BOTANY
28,প্রফেসর মো: আবু তাহের খান,0,01716-354940,Science,0,[37] MATHEMATICS
30,Mohammad Monir Hossen Patwary,  MARKETING,01821161319,Business Studies,0,[23] MARKETING
33,Syed Md. Omar Hafiz,FINANCE & BANKING,01670038568,Business Studies,0,[24] FINANCE & BANKING
34,Abu Hena Mostofa Kamal,    ZOOLOGY,01712923367,Science,100,[31] ZOOLOGY
35,kazi Mohammad Shaidur Rahman,    Bangla,01711960506,Arts,150,[10] BANGLA

