id,album,photo,user,caption,created
1,College Program,photo2021-02-15-00-24-55_602a13b70c95a.jpg,<blank>,৩৮তম বিসিএস এ নিয়োগপ্রাপ্ত দুইজন কর্মকর্তা নোয়াখালী সরকারি কলেজে যোগদান করেন। রাষ্ট্রবিজ্ঞান বিভাগে জনাবা সাদিয়া আফরিন এবং ইংরেজি বিভাগে জনাবা দিলরুবা ফাতিমা বৃষ্টি প্রভাষক পদে যোগদান করেন। শিক্ষক পরিষদ কর্তৃক আয়োজিত বরণ ও ওরিয়েন্টেশন প্রোগ্রামে নব যোগদানক,0000-00-00
2,College Program,photo2021-02-15-00-25-08_602a13c44881e.jpg,<blank>,৩৮তম বিসিএস এ নিয়োগপ্রাপ্ত দুইজন কর্মকর্তা নোয়াখালী সরকারি কলেজে যোগদান করেন। রাষ্ট্রবিজ্ঞান বিভাগে জনাবা সাদিয়া আফরিন এবং ইংরেজি বিভাগে জনাবা দিলরুবা ফাতিমা বৃষ্টি প্রভাষক পদে যোগদান করেন। শিক্ষক পরিষদ কর্তৃক আয়োজিত বরণ ও ওরিয়েন্টেশন প্রোগ্রামে নব যোগদানক,0000-00-00
3,College Program,photo2021-02-15-00-25-47_602a13eba8081.jpg,<blank>,জাতীয় বিশ্ববিদ্যালয়ের ইতিহাসে প্রথমবারের মত ভাইস-চ্যান্সেলর'স এওয়ার্ড হিসেবে গোল্ড মেডেল ও সনদ প্রাপ্ত হল নোয়াখালী সরকারি কলেজের ২০১৩-১৪ শিক্ষাবর্ষের বাংলা বিভাগের অত্যন্ত মেধাবী শিক্ষার্থী নাছরিন আক্তার। ,0000-00-00
4,College Program,photo2021-02-15-00-26-03_602a13fb8dc17.jpg,<blank>,জাতীয় বিশ্ববিদ্যালয়ের ইতিহাসে প্রথমবারের মত ভাইস-চ্যান্সেলর'স এওয়ার্ড হিসেবে গোল্ড মেডেল ও সনদ প্রাপ্ত হল নোয়াখালী সরকারি কলেজের ২০১৩-১৪ শিক্ষাবর্ষের বাংলা বিভাগের অত্যন্ত মেধাবী শিক্ষার্থী নাছরিন আক্তার। ,0000-00-00
5,College Program,photo2021-02-22-00-47-59_6033539f1671f.jpg,<blank>,২১ ফেব্রুয়ারি শহীদ দিবস ও আন্তর্জাতিক মাতৃভাষা ২০২১ ,0000-00-00
6,College Program,photo2021-02-22-00-48-25_603353b92799c.jpg,<blank>,২১ ফেব্রুয়ারি শহীদ দিবস ও আন্তর্জাতিক মাতৃভাষা ২০২১,0000-00-00
7,College Program,photo2021-02-22-00-48-46_603353ce2055d.jpg,<blank>,২১ ফেব্রুয়ারি শহীদ দিবস ও আন্তর্জাতিক মাতৃভাষা ২০২১,0000-00-00
8,College Program,photo2021-02-22-00-49-42_6033540610eab.jpg,<blank>,২১ ফেব্রুয়ারি শহীদ দিবস ও আন্তর্জাতিক মাতৃভাষা ২০২১,0000-00-00
9,College Program,photo2021-02-22-01-40-15_60335fdfe9531.jpg,<blank>,শহিদ দিবস ও আন্তর্জাতিক মাতৃভাষা ২০২১ এর সেমিনার,0000-00-00
10,College Program,photo2021-02-22-01-41-15_6033601b24828.jpg,<blank>,শহিদ দিবস ও আন্তর্জাতিক মাতৃভাষা ২০২১  সেমিনার জাতীয় সংগীতের সময়,0000-00-00
11,College Program,photo2021-02-22-01-41-37_60336031c70f1.jpg,<blank>,শহিদ দিবস ও আন্তর্জাতিক মাতৃভাষা ২০২১ এর সেমিনার,0000-00-00
12,College Program,photo2021-02-22-01-41-52_60336040f3daa.jpg,<blank>,শহিদ দিবস ও আন্তর্জাতিক মাতৃভাষা ২০২১ এর সেমিনার,0000-00-00
13,College Program,photo2021-02-22-01-42-25_603360619b878.jpg,<blank>,শহিদ দিবস ও আন্তর্জাতিক মাতৃভাষা ২০২১ এর সেমিনার,0000-00-00
14,College Program,photo2021-03-17-23-53-34_6052dcce4d0f6.jpg,<blank>,১৭ মার্চ জাতীয় শিশু দিবস ও জাতির পিতা বঙ্গবন্ধু শেখ মুজিবুর রহমান এর জন্মদিবস ২০২১ এর কেক কাটা,0000-00-00
15,College Program,photo2021-03-17-23-54-16_6052dcf844e1e.jpg,<blank>,১৭ মার্চ জাতীয় শিশু দিবস ও জাতির পিতা বঙ্গবন্ধু শেখ মুজিবুর রহমান এর জন্মদিবস ২০২১ এর ছাত্র/ছাত্রীদেরকে পুরস্কার বিতরণ,0000-00-00
16,College Program,photo2021-03-17-23-55-42_6052dd4e25238.jpg,<blank>,১৭ মার্চ জাতীয় শিশু দিবস ও জাতির পিতা বঙ্গবন্ধু শেখ মুজিবুর রহমান এর জন্মদিবস ২০২১ এর পুষ্পস্তবক অর্পন,0000-00-00
17,College Program,photo2021-03-17-23-56-33_6052dd81eae9f.jpg,<blank>,১৭ মার্চ জাতীয় শিশু দিবস ও জাতির পিতা বঙ্গবন্ধু শেখ মুজিবুর রহমান এর জন্মদিবস ২০২১ এর আলোচনা সভা ও সেমনিার,0000-00-00
18,College Program,photo2021-03-17-23-57-07_6052dda34e50c.jpg,<blank>,১৭ মার্চ জাতীয় শিশু দিবস ও জাতির পিতা বঙ্গবন্ধু শেখ মুজিবুর রহমান এর জন্মদিবস ২০২১ এর আলোচনা সভা ও সেমিনার,0000-00-00
19,College Program,photo2021-03-17-23-57-51_6052ddcfd294c.jpg,<blank>,১৭ মার্চ জাতীয় শিশু দিবস ও জাতির পিতা বঙ্গবন্ধু শেখ মুজিবুর রহমান এর জন্মদিবস ২০২১ এর আলোচনা সভা ও সেমিনারে অধ্যক্ষ মহোদয়ের বক্তিতা ,0000-00-00
20,College Program,photo2021-03-17-23-58-20_6052ddec31871.jpg,<blank>,১৭ মার্চ জাতীয় শিশু দিবস ও জাতির পিতা বঙ্গবন্ধু শেখ মুজিবুর রহমান এর জন্মদিবস ২০২১ এর ছাত্র/ছাত্রীদেরকে পুরস্কার বিতরণ,0000-00-00
21,College Program,photo2021-03-17-23-58-53_6052de0d34cb6.jpg,<blank>,১৭ মার্চ জাতীয় শিশু দিবস ও জাতির পিতা বঙ্গবন্ধু শেখ মুজিবুর রহমান এর জন্মদিবস ২০২১ এর  কলেজ ক্যাম্পাসে আলোক স্জ্জা,0000-00-00
22,College Program,photo2021-03-18-02-15-56_6052fe2cbe594.jpg,<blank>,১৭ মার্চ জাতীয় শিশু দিবস ও জাতির পিতা বঙ্গবন্ধু শেখ মুজিবুর রহমান এর জন্মদিবস ২০২১ এর উদযাপন,0000-00-00
23,College Program,photo2021-03-18-03-10-26_60530af27f9ec.jpg,<blank>, রাষ্ট্রবিজ্ঞানের উদ্যোগে ১০ দিন ব্যাপি স্বাস্থ্যবিধি মেনে কম্পিউটার প্রশিক্ষণ উদ্বোধন করেন প্রফেসর সালমা আকতার অধ্যক্ষ (ভারপ্রাপ্ত) নোয়াখালী সরকারী কলেজ,0000-00-00
24,College Program,photo2021-03-18-03-10-39_60530aff4d22e.jpg,<blank>, রাষ্ট্রবিজ্ঞানের উদ্যোগে ১০ দিন ব্যাপি স্বাস্থ্যবিধি মেনে কম্পিউটার প্রশিক্ষণ উদ্বোধন করেন প্রফেসর সালমা আকতার অধ্যক্ষ (ভারপ্রাপ্ত) নোয়াখালী সরকারী কলেজ,0000-00-00
25,College Program,photo2021-03-18-03-10-52_60530b0c31661.jpg,<blank>, রাষ্ট্রবিজ্ঞানের উদ্যোগে ১০ দিন ব্যাপি স্বাস্থ্যবিধি মেনে কম্পিউটার প্রশিক্ষণ উদ্বোধন করেন প্রফেসর সালমা আকতার অধ্যক্ষ (ভারপ্রাপ্ত) নোয়াখালী সরকারী কলেজ,0000-00-00
26,College Program,photo2022-02-07-08-17-05_6200d581a7147.jpg,<blank>,Principal ,0000-00-00

