id,sn,photo,user,caption,created
62,8,photo2021-02-22-00-52-28_603354ac750ba.jpg,<blank>,২১ ফেব্রুয়ারি শহীদ দিবস ও আন্তর্জাতিক মাতৃভাষা ২০২১,0000-00-00
40,4,photo2017-11-02-01-27-59_59fabaef632a7.jpg,Principal,Noakhali Govt. College ,2017-11-02
42,3,photo2018-03-13-23-15-45_5aa8a1f14fba5.jpg,Principal,Noakhali Govt. College,2018-03-14
38,2,photo2017-11-02-01-27-31_59fabad3b010b.jpg,Principal,Noakhali Govt. College ,2017-11-02
73,1,photo2022-03-12-06-46-16_622c41b8939ab.jpg,<blank>,1,0000-00-00
74,5,photo2022-03-12-06-46-41_622c41d1d70aa.jpg,<blank>,5,0000-00-00
75,6,photo2022-03-12-06-47-36_622c42086211a.jpg,<blank>,6,0000-00-00
68,4,photo2021-03-18-00-04-31_6052df5f9e5f2.jpg,<blank>,১৭ মার্চ জাতীয় শিশু দিবস ও জাতির পিতা বঙ্গবন্ধু শেখ মুজিবুর রহমান এর জন্মদিবস ২০২১ এর উদযাপন,0000-00-00
72,3,photo2022-02-07-08-16-30_6200d55e29e63.jpg,<blank>,Principal ,0000-00-00
71,0,photo2022-02-07-08-15-26_6200d51e18559.jpg,<blank>,Noakhali College,0000-00-00

