id,nid,dob,sex,name,note,pass,type,blood,email,photo,father,mother,status,address,contact,indexno,joining,sorting,joiningf,religion,education,department,designation
2,2361769280,02-01-1966,Female,PROFESSOR SALMA AKTER,Office Phone: 02334433585  ,4a7d1ed414474e4033ac29ccb8653d9b (0000),Principal,0+,salmaakther66@gmail.com,photo2022-06-01-04-09-03_6296e65f1d550.jpg,ARSHAD HOSSAIN,SHIRIN AKTHER,Active,SHOTI HOLDING-398 MASTERPARA SADAR NOAKHALI,01715008363,00007667,15-11-1993,1,26-01-2022,Islam,Masters,[10] BANGLA,PRINCIPAL
3,3012930380821,10.06.1964,Male, Khaled Mamun,<blank>,$2y$10$lw9qJ/k/ScNIpF/gENMAGe7uRho.TPAJDStgVnd6cFl90qXhRwRWi,Teacher,AB+,ngc_principal@yahoo.com,photo2021-08-28-00-30-55_6129ca0f5903b.jpg,Kabir Ahemmed,Oziba Khatun,Active,"Vill:Shipur, P.O- SowdegarBazar, P.S-Feni Sadar Dist: Feni",01715147861,003355,16.11.1993,2,05.08.2020,Islam,M.A (Philosophy),[17] PHILOSOPHY,Professor
4,<blank>,24 JUNE 1976,Male,KAZI MOHAMMAD SHAHIDUR RAHMAN,<blank>,$2y$10$eoUfNSvMMplITGhl0DLyie9EKV33FCd.gPvonXX0jkPi3b3rInmaS,Teacher,O+,jontormontorghor@gmail.com,photo2021-09-02-01-32-35_613070037a09f.jpg,KAZI MOHAMMAD AKRAM HOSSAIN,SHAHIDA KHANOM,Active,DHAKA,01558003933,013937,02 NOVEMBER 2016,2,02 JULY 2005,Islam,MASTERS OF ARTS (M.A),BANGLA,ASSOCIATE PROFESSOR
5,000,01 January 1976,Male,Md. Gias Uddin,<blank>,$2y$10$vXQmSw5gXlH1Ln3N/I5SSOHWzvXV/GvuAKaefd0nMar0n/DMs7HOi,Teacher,O+,lipu_akhkhar@yahoo.com,photo2021-09-06-02-41-38_6135c6327a5f1.jpg,Md. Azahar Uddin,Hasina Begum,Active,"Roshid Colony, Maijdee, Noakhali",01718160880,0018161,17-08-2018,4,27.11.2008,Islam,Masters,[25] ACCOUNTING,Assistant Professor
6,000,01.11.1972,Male,Mohammed Masum Kabir,<blank>,$2y$10$LOVUg4XJtbJJsRzuRMGjxuOEAxMXl.cOv5RRlV9mZ.x/AZpBusPKC,Teacher,B+,ngc_principal@yahoo.com,photo2021-09-06-02-47-59_6135c7af23a83.jpg,Late Shamsul Huda,Late Mahmuda Khatun,Active,"Vill: Pran Vagabokipur, P.O: Choupally P/s: Chandragonj, Dist:Laxmipur",01711153547,014326,03.07.2021,5,02.07.2005,Islam,MBA,[25] ACCOUNTING,Associate Professor
7,000,06.06.1968,Male,MOHAMMAD TAJUL ISLAM,<blank>,$2y$10$/WzihaDjhu12XIl3N9nhx.qXA1ceDNSEXubKVkU2e6mmaJXYdabBu,Teacher,O+,tajulislam06061968@gmail.com,photo2021-09-06-02-53-25_6135c8f5dc3f4.jpg,MD. JOYNAL ABEDIN,RAHIMA KHATUN,Active,"PEACE TOWER, MASTERPARA, MAIJDEE, NOAKHALI",01711045577,7657,20.08.2017,6,14.11.1993,Islam,MBS (ACCOUNTING),[25] ACCOUNTING,PROFESSOR
8,000,25.01.1968,Male,Syed Md. Omar Hafiz,<blank>,$2y$10$lgIdu0oC667ERokOXnVrcOnGBEP0L0bkQsCJe.MNtIhCeuTWm9Dr6,Teacher,A+,smomarhafiz68@gmail.com,photo2021-09-06-03-08-24_6135cc789fdb1.jpg,Hafiz Ahmad,Momtaz Begum,Active,"Holding -583/1, Board School Road, Maijdee Noakhali",01670038568,00007672,30.01.2017,7,10.08.1996,Islam,MBS (ACCOUNTING),[25] ACCOUNTING,Associate Professor
9,000,30.06.1968,Male,Anupam Chandra Das,<blank>,$2y$10$OQaFow4s9z3Sl2FOSk3AW.s5C6Pn8lRO4lL2VN0GtOvuoulpkUAeO,Teacher,B+,ngc_principal@yahoo.com,photo2021-09-06-03-10-55_6135cd0f5ea3a.jpg,Jagadish Chandra Das,Basanti Bala Das,Active,Noakhali Government College Noakhali,01716674607,009215,21.06.2018,8,25.01.1999,Hinduism,MBS (ACCOUNTING),[25] ACCOUNTING,Associate Professor
10,000,01.01.1971,Male,Mohammad Abu Baten,<blank>,$2y$10$w2TT7.X8QwvJRwQ2UiERHu7fnjD/ZolX.K6NXvqmtguwAt6mm2wnm,Teacher,B+,<blank>,photo2021-09-06-03-13-36_6135cdb0add17.jpg,Ishaque Meah,Haricha Khatun,Active,Noakhali Government College Noakhali,01711208607,009101,19.05.2019,9,25.01.1999,Islam,MBS (ACCOUNTING),[25] ACCOUNTING,Associate Professor
11,000,01.01.1976,Male,Mohammad Abul Hassan,<blank>,$2y$10$ymUG0KLCkcoXYDGANRh7XePfKO2opDDSDgeuS8dm99osZ7Zb94Iae,Teacher,A+,<blank>,photo2021-09-06-03-16-38_6135ce6645b04.jpg,Mohammad Abdul Bari,Begum Foyzun Nesa,Active,"Hazeera Barik View, Ward# 5, Basurhat Pourosova , Companygonj, Noakhali",01817707023,014893,02.07.2005,10,02.07.2005,Islam,MBS (ACCOUNTING),[25] ACCOUNTING,Assistant Professor
12,00,01.12.1983,Male,Md. Shamsu Uddin,<blank>,$2y$10$FXuiRFQuVZhD8JoQLO8jwePZUXPQsfBXh65C.BBDoJsf4I5gT4rn2,Teacher,B+,shamscosmopoliton8008@gamil.com,photo2021-09-06-03-19-22_6135cf0aa2e93.jpg,Goalm Sobhan Alam`,Monowara Begum,Active,"Sumaiya Bhaban, Gazipara, Maijdee Bazar , Noakhali",01840839507,018390,24.10.2013,11,01.12.2010,Islam,MBA,[25] ACCOUNTING,Assistant Professor
13,000,22.12.1986,Female,NOUR AFSANA ISLAM,<blank>,$2y$10$f7Ug3OICT00o33IrY.rKtOBBZ32SfwWqECgNc5aVa7cqVkeCwuZF.,Teacher,A+,<blank>,photo2021-09-06-03-21-35_6135cf8f9bcea.jpg,MD. SAYDUL ISLAM,JAHANARA BEGUM NAZMA,Active,"SOUTH MOUIRAL, BRAMANBARIA.",01918270547,024857,08.01.2015,12,30.10.2013,Islam,MBA,[25] ACCOUNTING,LECTURER
14,000,05.06.1988,Female,KAMRUN NAHAR BEGUM,<blank>,$2y$10$vUMUI28FbUZadv1sCMvuFutcmj0rGorfSD3Bcy1xcOUUpKmk3q1zK,Teacher,O+,<blank>,photo2021-09-06-03-25-10_6135d06627308.jpg,MD. SHAMSUL KABIR,NAZMUN NAHAR BEGUM,Active,Noakhali Government College Noakhali,01751019172,16134156038,01.06.2016,13,01.06.2016,Islam,MBS (ACCOUNTING),[25] ACCOUNTING,LECTURER
15,000,02.01.1976,Male,MUHAMMAD RAKIBUL AHSAN KABIR,<blank>,$2y$10$P8OmBCrbfv.ztXqgvqNwveO/nZlh5q12px6t4Jc1JiQCVGy0ztBjS,Teacher,O+,rakibulahasan@gmail.com,photo2021-09-06-03-29-55_6135d18399a59.jpg,MUHAMMAD SIDDIQUE ULLAH KABIR,ASIA KHATUN,Active,"ATIATALI, JOKSHIN , LAKSHMIPUR SADAR LAKSHMIPUR",01558514351,014317,10.04.2018,14,02.07.2005,Islam,M.A BANGLA,BANGLA,ASSOCIATE PROFESSOR
16,000,17.12.1978,Female,MOST. FATEMA YESMIN,<blank>,$2y$10$ARYeRAWO4pICg5DSMsN41.cwwrU4blE6WUDyqslIlIDDgpC2HvqJC,Teacher,B+,ngc_principal@yahoo.com,photo2021-09-06-03-36-30_6135d30e022fe.jpg,LATE KHON DOKAR MOZIBUR RAHMAN,ARZUMAN DO BANU,Active,BOGRA,01718262602,016571,26.05.2018,15,21.08.2006,Islam,MASTERS OF ARTS (M.A),(10) BANGLA,Assistant Professor
17,000,01.03.1980,Male,MOHAMMAD SAIFUL AZIM,<blank>,$2y$10$Ple9CBYLzMmfUSGhWcrSSOVqNrgUM.97HPevGZjhpWmJ6g0bx73ia,Teacher,B+,msazim80@gmail.com,photo2021-09-06-03-41-00_6135d41cbb91a.jpg,MOHAMMAD MOKHLESUR RAHMAN,SALEHA BEGUM,Active,"PROFESSOR TOWER, 583/I, (4/A), NEW JAILROAD, NEW BUS STAND MAIJDEE COURT NOAKHALI-3800",01716643670,016306,13.05.2013,16,02.04.2006,Islam,MASTERS OF ARTS (M.A),[10] BANGLA,Assistant Professor
18,000,01.01.1981,Male,MOHAMMAD YUNUSER RAHMAN,<blank>,$2y$10$g.oYwx6HdIFNHabSvqClauJFvGVeZykpUo3zcXWq8BaTsR2MpKyxC,Teacher,AB+,yunus130@gmail.com,photo2021-09-06-03-44-03_6135d4d355fd0.jpg,MOHAMMAD MAZHARUL ISLAM,NOOR JAHAN BEGUM,Active,EARPUR GOPINATHPUR LAXMIPUR,01828403039,0017775,05.07.2015,17,18.11.2008,Islam,MASTERS OF ARTS (M.A),[10] BANGLA,Assistant Professor
19,000,07.02.1986,Female,FARHANA YEASMIN,<blank>,$2y$10$jBSsYqaTbKvhe7/saEatTOoKJPh/Lso4kcFdeIbU3kZaZ8X.4Pssu,Teacher,O+,farhana54@gmail.com,photo2021-09-06-03-46-35_6135d56bc86a2.jpg,MOHAMMAD HANIF,HURMOTER NESA,Active,KHADAKARPARA MAIJDEE NOAKHALI,01854709172,17135133004,02.05.2017,18,02.05.2017,Islam,MASTERS OF ARTS (M.A),[10] BANGLA,LECTURER
20,00,13.11.1988,Female,RUKSANA AHMED SHAPLA,<blank>,$2y$10$SO/acMW1hWB72m3RusOe9O5vqmCYJLMbc4XCjyx/KdDQpcbRFscye,Teacher,B+,ruksanaahmed7720@gmail.com,photo2021-09-06-03-49-20_6135d6101d3ac.jpg,LATE ABDUR RASHID AHMED,LATE SUFIA AHMED,Active,"KURPER KAILATY ROAD, SOUTH NAGRA NETRAKONA SADAR",01717204939,19137133004,07.04.2019,19,07.04.2019,Islam,MASTERS OF ARTS (M.A),[10] BANGLA,LECTURER
21,000,15.10.1965,Male,MOHAMMAD ISMAIL HOSSAIN,<blank>,$2y$10$nrDxKPb3nGBlvvoCEO/b1O7vYse0BiXUtKLsp8KZ96lNcKa57UsLS,Teacher,O+,ismailhossain6591@gmail.com,photo2021-09-06-04-40-28_6135e20cec378.jpg,MD. NURUL HUDA,NURJAHAN BEGUM,Active,"ANCHOL, MAIJDEE STATION ROAD, LAXMINARAYANPUR, SADAR, NOAKHALI",01711474427,9699,<blank>,20,14.11.1993,Islam,MA(ENGLISH),[11] ENGLISH,PRFESSOR
22,000,03.10.1967,Male,KAISER AHMAD,<blank>,$2y$10$BOe1/budRVDMwjV4o4exr.XZLM0OKmbb4uH4Z1FAWl06orWdW3R4S,Teacher,B+,kaiser_ahmad@hotmail.com,photo2021-09-06-04-42-38_6135e28e3e1e2.jpg,KAMAL UDDIN AHMAD,RAZIA BEGUM,Active,"MASTERPARA, MAIJDEE, NOAKHALI",01716903954,9759,<blank>,21,25.01.1999,Islam,MA(ENGLISH),[11] ENGLISH,Associate Professor
23,000,05.01.1982,Male,MD. KAMRUL HASAN,<blank>,$2y$10$DX9vnbBTA3nMKNpJGyk2G.Cgy0A4DrqwITKQijxTzSPHdjo3hgnvW,Teacher,A+,kamrul29ngc@gmail.com,photo2021-09-06-04-45-33_6135e33d1688c.jpg,ABDUL MOTALAB,RAHIMA BEGUM,Active,"SWAPNANEER, MASTERPARA, MAIJDEE, NOAKHALI",01717521286,00022535,<blank>,22,01.08.2011,Islam,MA(ENGLISH),[11] ENGLISH,Assistant Professor
24,000,01.03.1990,Male,ASM WALIUDDIN,<blank>,$2y$10$UbORHZqbCNCGax.3WzB/b.m9AqXQhizgoXuqZOtiJS0zAbOOigl.C,Teacher,O+,shameemwali1@gmail.com,photo2021-09-06-04-48-03_6135e3d3d64bc.jpg,MUHAMMAD ABDUR RASHID,SAMSUN NAHAR,Active,"NURJAHAN MANJIL, MASTERPARA, MAIJDEE , NOAKHALI",01842500380,17135109040,02.05.2017,23,02.05.2017,Islam,MA(ENGLISH),[11] ENGLISH,LECTURER
25,000,11.12.1989,Male,MD. HATEM ALI,<blank>,$2y$10$lih/CED9kgzkgcp7lSrqa.xW0jG1xXlqdzLnIag3UdctXa1UuOFVS,Teacher,O+,hatemcu@gmail.com,photo2021-09-06-04-50-39_6135e46f0d0ca.jpg,MD. FAZLUL HAQUE,SALEHA KHATUN,Active,"MASTERPARA, MAIJDEE, NOAKHALI",01553752289,19137109008,07.04.2019,24,07.04.2019,Islam,MA(ENGLISH),[11] ENGLISH,LECTURER
26,000,02.10.1992,Female,DILRUBA FATIMA BRISTY,<blank>,$2y$10$IlHE443ucx77OJ2vKhweuu8AT8cv8lB2AHsaIJ8hpsSKIgUxkDabe,Teacher,<blank>,<blank>,photo2021-11-27-08-13-30_61a1e8aa31259.jpg,MD. IMAM HOSSAIN,RINA SULTANA,Active,MASTERPARA MAIJDEE NOAKHALI,14.02.2021,001111,14.02.2021,25,14.02.2021,Islam,MA(ENGLISH),[11] ENGLISH,LECTURER
27,000,27.08.1973,Male,ABU HENA MOSTAFA KAMAL,<blank>,$2y$10$a45owYFB7qcY6vUKZlzEsebh.6QvMphqWyT7/Sw6tNePozj18bzMC,Teacher,O+,<blank>,photo2021-09-06-04-57-06_6135e5f24d0be.jpg,ABUL KALAM,ROHIMA KHATUN,Active,"MASTERPARA, MAIJDEE, NOAKHALI",01712923367,10704,28.10.2018,26,31.05.2001,Islam,M.SC.,[31] ZOOLOGY,Associate Professor
28,000,30.04.1977,Female,KANIZ FAHMIDA,<blank>,$2y$10$8tWf5LzG4Ha6TJ.xrTtaGOTGWB4y7L6tMp/8XWOFKP/WBZzwWA2NS,Teacher,O+,<blank>,photo2021-09-06-04-58-55_6135e65f53a07.jpg,FAIZ UDDIN AHMED,NURUN NAHAR,Active,"MASTERPARA, MAIJDEE, NOAKHALI",01816939464,014896,14.03.2016,27,02.07.2005,Islam,M.SC.,[31] ZOOLOGY,Assistant Professor
29,000,01.04.1986,Male,NIPEN CHANDRA DAS,<blank>,$2y$10$3dsjLFHG93uopdd4XH6mqOwAw5iirp1mMVmM7WkbokfJAl.P3l7ny,Teacher,A+,<blank>,photo2021-09-06-05-00-57_6135e6d9e961c.jpg,PANGKAZ CHANDRA DAS,DIPU RANI DAS,Active,"MASTERPARA, MAIJDEE, NOAKHALI",01721457715,18136131044,03.03.2018,28,07.12.2020,Hinduism,M.SC.,[31] ZOOLOGY,LECTURER
30,000,05.07.1968,Male,ABM SANAULLAH,<blank>,$2y$10$TLpKA8MaNvHxp3XbfyeDpeQkf9MoS.gUSOYWAs9/5SOkZLTOKmW9O,Teacher,O+,abmsanaullahbd68@gmail.com,photo2021-09-06-05-03-13_6135e761b21b2.jpg,MD. ALI AZZAM,MST. AYESHA BEGUM,Active,"MASTERPARA, MAIJDEE, NOAKHALI",01712640298,004152,22.02.1998,29,22.02.1998,Islam,M.SC.,[37] MATHEMATICS,Associate Professor
31,000,27.12.1976,Male,MOHAMMED ARIFUR RAHAMAN MAJUMDER,<blank>,$2y$10$uDYRRoIMCWmqiSInX1iqKuFDKlTXjFqn.uu76G56p3jZHeHwI53Gy,Teacher,O+,arif.math24@gmail.com,photo2021-09-06-05-05-37_6135e7f154eea.jpg,PAYER AHMED MAJUMDER,SADIA AHMED,Active,"BISHNOPUR, NANGOLKOT, CUMILLA",01719108296,013741,02.07.2005,30,02.07.2005,Islam,M.SC.,[37] MATHEMATICS,Assistant Professor
32,000,09.11.1972,Male,MM SHAYEFULLAH,<blank>,$2y$10$m5acsC97rnbp9l0qTovxyeHHQVYhygjh7vAIb.s8yGTSoN9zD8d.O,Teacher,O+,mmsaif@gmail.com,photo2021-09-06-05-08-11_6135e88bde371.jpg,AMINUL HOQUE MIAH,FATEMA KHATUN,Active,"HAOUSE OF MAYOR SAHIDULLAH KHAN SHOHEL, ISLAMIA ROAD, MAIJDEE, NOAKHALI",01711947186,013088,10.12.2003,31,<blank>,Islam,M.SC.,[37] MATHEMATICS,Associate Professor
33,000,10.01.1983,Male,ABDUL MATIN,<blank>,$2y$10$rdMpm69SsGtHeC9XytENw.UpSln0ppl.F2HWTc17iGQgL671ahZA.,Teacher,B,amatin_29@yahoo.com,photo2021-09-06-05-31-54_6135ee1a6255e.jpg,NADARUZ ZAMAN,HASINA BEGUM,Active,"MASTERPARA, MAIJDEE, NOAKHALI",017161545921,021846,01.08.2011,32,01.08.2011,Islam,M.SC.,[37] MATHEMATICS,LECTURER
34,000,17.03.1986,Male,MD. NAIMUR RAHMAN MARUFF,<blank>,$2y$10$Mv0vaf0i2H.7mt987OF/P.TAL6xsRvcqStBiYkgrAOh4d2X9BKbjy,Teacher,B+,naimmaruf86@gmail.com,photo2021-09-06-05-35-09_6135eeddde566.jpg,MD. MOSTAFIZUR RAHMAN,SHURIA BEGUM,Active,"WARD-08, SINAPUR SADAR, NOAKHALI-3802",01718500700,022307,01.08.2011,33,01.08.2011,Islam,M.SC.,[37] MATHEMATICS,LECTURER
35,000,01.05.1986,Male,MD. MAHMUDUL ISLAM,<blank>,$2y$10$964Pl/SzxfTSFYR1FRmPKeu2I6nfQg8uieZur13az9oxXifB4em9m,Teacher,B+,babudu111@gmail.com,photo2021-09-06-05-37-52_6135ef800b4cb.jpg,WALI ULLAH MOLLAH,SALEHA BEGUM,Active,Noakhali Government College Noakhali,01881939380,17135119005,02.05.2017,34,02.05.2017,Islam,M.SC.,[37] MATHEMATICS,LECTURER
36,000,01.02.1967,Male,MUHAMMAD ATAULLAH,<blank>,$2y$10$/gDQDTTCd/sjSrqAMTopYex8lAMk6WN3m4Jkv7phxIQIfgPugUX2S,Teacher,A+,ataullahm885@gmail.com,photo2021-09-06-05-40-50_6135f03236e62.jpg,MVI. GOLAM KIBRIA,FOYJUNNESA BEGUM,Active,"ALOM BHABAN, NEW COLLEGE ROAD, NOAKHALI",01717147768,7649,08.08.1996,35,08.18.1996,Islam,MA,[16] ISLAMIC HISTORY & CULTURE,Associate Professor
37,000,01.01.1976,Male,MOHAMMAD ABDUL JALIL,<blank>,$2y$10$gppKVh4AZKCRBtbpLkUyn.F70unrQTrmApmU2BasyD8wr0fw0tAj6,Teacher,O+,majalilchem76@gmail.com,photo2021-09-06-05-43-15_6135f0c3869d0.jpg,JALAL AHAMMAD,HANUFA AHAMMAD,Active,"MASTERPARA, MAIJDEE, NOAKHALI",01818187060,015991,31.08.2015,36,31.08.2015,Islam,M.SC.,[28] CHEMISTRY,Assistant Professor
38,000,02.01.1963,Male,MD. SHAHID ULLAH,<blank>,$2y$10$01UgPxi7UGiEiRhWUwd/iuxQcgp0bPnaLPnkj.YkuEDydEvTnJGrS,Teacher,A+,shahidullahmd702@gmail.com,photo2021-09-06-05-45-43_6135f157ab880.jpg,MD. BARKAT ULLAH,RAZIA BEGUM,Active,"MASTERPARA, MAIJDEE, NOAKHALI",01712880536,3089,27.11.1993,37,04.08.2020,Islam,M.SC.,[30] BOTANY,Professor
39,000,16.06.1975,Male,DR. BAKUL BHATTACHARJEE,<blank>,$2y$10$.HchLW6nUtXxDXAuCurV4.HDq5OQU96Txt9aIFwgMQPcyZ2Tj0CkO,Teacher,B+,Bakul1975_ru@yahoo.com,photo2021-09-06-05-48-14_6135f1ee3456f.jpg,NARAYAN CHANDRA BHATTACHARJEE,KALPONA BHATTACHARJEE,Active,"MASTERPARA, MAIJDEE, NOAKHALI",01711709390,014941,02.07.2005,38,28.04.2015,Hinduism,PHD,[30] BOTANY,Associate Professor
40,000,22.03.1985,Male,MD. ALI AKBAR KHAN,<blank>,$2y$10$A2NFi7EDVC/rtSkAgIwWuOrCw5oT1htjKUzrTPlWBZ9Jo5fxBcXQq,Teacher,A+,Aaksumon1203@gmail.com,photo2021-09-06-05-51-06_6135f29a35219.jpg,SHAJAHAN KHAN,ALEYA BEGUM,Active,"MASTERPARA, MAIJDEE, NOAKHALI",01678017013,00022570,01.08.2011,39,01.08.2011,Islam,M.SC.,[30] BOTANY,LECTURER
41,000,01.12.1977,Male,MD. KAMAL UDDIN,<blank>,$2y$10$WWD0z6jAjg2NUWTo3Eva6..u6ETi3CLuxFZdw/04EpmGtaIrDVTIi,Teacher,B+,Uddin.kamal11@yahoo.com,photo2021-09-06-05-53-22_6135f322524ea.jpg,MD. ZOINAL UDDIN,RAHENA BEGUM,Active,"MASTERPARA, MAIJDEE, NOAKHALI",01718762460,00027147,08.03.2005,40,04.07.2015,Islam,M.SC.,[30] BOTANY,LECTURER
43,000,05.04.1978,Male,MOLLA MOHAMMED MASUD,<blank>,$2y$10$NyVXKRN.QA2AH4zyOZPHQu2DgZRehvbMZ42vHzKX.FoKC6XHXILs.,Teacher,A+,masudnoyonbd@yahoo.com,photo2021-09-06-05-58-03_6135f43bd4efb.jpg,MOHAMMAD YOUNUS ALI,RAZIA KHATUN,Active,"MASTERPARA, MAIJDEE, NOAKHALI",01711107051,000,02.07.2005,42,20.11.2016,Islam,MA,[17] PHILOSOPHY,Assistant Professor
44,000,01.07.1982,Female,OMME HABIBA,<blank>,$2y$10$pcWAK4sPTcePfokurdgf4uwj82IpOEmi5eRW8ZvCI0ov/8ifBkbw2,Teacher,B+,<blank>,photo2021-09-06-06-00-41_6135f4d9e17fb.jpg,ABDUR ROB,SHAMSUN NAHAR,Active,"MASTERPARA, MAIJDEE, NOAKHALI",01749472780,25710,07.08.2014,43,07.08.2014,Islam,"MA, MPHIL",[17] PHILOSOPHY,LECTURER
45,000,10.12.1990,Male,MD. ARIF UDDIN,<blank>,$2y$10$lnR2R65VI6WwDhCFiyLpIOlDQ7U4YPEWfVqzuUxKFpJ/7DYxxfFBa,Teacher,B+,<blank>,photo2021-09-06-06-02-28_6135f544dedfe.jpg,MD. AFSAR UDDIN,ALEYA BEGUM,Active,"MASTERPARA, MAIJDEE, NOAKHALI",01817751553,10136125039,03.09.2018,44,03.09.2018,Islam,MA,[17] PHILOSOPHY,LECTURER
46,000,01.09.1967,Male,MD. MOZZAMMELUL HAQUE,<blank>,$2y$10$rrJSFiMzeSkxFHBXNcyV9eJhDij1UZNVjbov4lBvXGoaf3l5yi0GS,Teacher,AB+,mozzammelofficial@gmail.com,photo2021-09-06-06-05-41_6135f60570a0b.jpg,MIR MOSHARROF HOSSAIN,HALIMA KHATUN,Active,"NEYAMOTPUR, MOMOTAZ MIAR HAT, FENI SADAR",01713370938,7662,20.11.1993,45,20.11.1993,Islam,MA,[18] ISLAMIC STUDIES,PROFESSOR
47,000,05.09.1979,Male,MD. ANOWAR HOSSAIN BHOYAN,<blank>,$2y$10$h.v7ZoRKtxekP4hxq31K/uka8eye0uP6uACy63VZXVwo5VVtdDXlq,Teacher,B+,<blank>,photo2021-09-06-06-07-54_6135f68a4b74a.jpg,MD. HABIB ULLAH BHOYAN,RASHIDA HABIB,Active,"BARIAISH, NOAGAON, RAMGONJ, LAXMIPUR",01788308142,15543,12.08.2012,46,02.07.2005,Islam,MA,[18] ISLAMIC STUDIES,Assistant Professor
48,000,10.10.1986,Female,SHEULI AKTER,<blank>,$2y$10$Ni3u3JqFa/NDwEqLOxgwoOPjr/lW.PxT9eFDumf9qJOvt19BOlTmC,Teacher,O+,<blank>,photo2021-09-06-06-10-01_6135f709133ae.jpg,MD. AMIR ALI,RABEYA BEGUM,Active,"SUDKHIRA, DHAHALLA BAZAR, SINGAIR, MANIKGONJ",01717480581,022787,03.06.2012,47,03.06.2012,Islam,MA,[18] ISLAMIC STUDIES,LECTURER
49,000,01.01.1986,Male,MOHAMMAD MAHBOBUL ALAM,<blank>,$2y$10$eKWVOk4oG0er4JSKTLYiv.SzSOkT9llXsS5chi5bMRGqx3cpguLP.,Teacher,B+,<blank>,photo2021-09-06-06-11-52_6135f778abe2b.jpg,SHAHIDUL ISLAM,MAHMUDA KHATUN,Active,"SHASHIDAL, BRAHMAN PARA, CUMILLA",01912451988,024658,10.11.2013,48,30.10.2013,Islam,MA,[18] ISLAMIC STUDIES,LECTURER
50,000,16.11.1973,Male,MD. SHARIF HOSSAIN,<blank>,$2y$10$J.neoO7ls3KLM4CZy9OJOOmHiNCnpc23AMPpH9ODmeRShxOjEJBUm,Teacher,O+,Sharifhossain10572@gmail.com,photo2021-09-06-06-14-48_6135f8284a206.jpg,MD. ABDUL HASEM,MOHSENA BEGUM,Active,"NARAYANPUR, , CHATKHIL, NOAKHALI",01712555344,10572,31.05.2001,49,16.11.2016,Islam,M.SC.,[22] ECONOMICS,Associate Professor
51,000,10.01.1973,Male,MD. BAHAR UDDIN,<blank>,$2y$10$.uLq0NMN6TSxrJ2uiAAe6OIGiLY/mNQQRxFZ1nvqP3j9kSpFH4ove,Teacher,O+,bahar24esn@gmail.com,photo2021-09-06-06-17-46_6135f8da2206a.jpg,MD. ELIAS MIAH,SIBALA KHATUN,Active,"NAROTTAMPUR, KABIRHAT, NOAKHALI",018189186710,14929,02.07.2005,50,02.07.2005,Islam,M.S.S.,[22] ECONOMICS,Assistant Professor
52,000,15.01.1985,Male,MOHAMMAD BAISUL HOQUE,<blank>,$2y$10$l.EANDABOafhz/ek8F5hRuGpYKGr95RHrP4P.gPV2/QxbM9H1Grv2,Teacher,O+,baisuju@gmail.com,photo2021-09-06-06-31-16_6135fc0443773.jpg,MD. NURUL HAQUE,SALINA JOHORA AKTER,Active,"MASTERPARA, MAIJDEE, NOAKHALI",01818351653,22845,03.06.2012,51,03.06.2012,Islam,M.S.S.,[22] ECONOMICS,LECTURER
53,000000000,01.07.1985,Male,GAZI MAHBUBE SOBHANI,<blank>,$2y$10$NGNHHJ3f7i9EIMHFCW0j0.n7uPOxm43ERD.qnMpMX2V3XzK/hpgLy,Teacher,AB+,ms.gazieco@gmail.com,photo2021-09-08-23-45-16_6139915cc59fb.jpg,LATE SERAJ AHMED,SAHANUR BEGUM,Active,"80/70, WEST MOHAMMAD BAG, MCRAJ NAGAR, KADAMTALI, DHAKA",01712363849,00025617,07.08.2014,52,07.08.2014,Islam,MSS (ECONOMICS),[22] ECONOMICS,LECTURER
54,00000,01.01.1988,Male,SHUKANTA CHANDRE DEB NATH,<blank>,$2y$10$eHwZdcKtAUui6FNs4X7V7eRcVPv8tClsa6GyljY5UKQJVxKvcYZOO,Teacher,B+,shukantadebnath1988@gmail.com,photo2021-09-08-23-48-27_6139921b66772.jpg,RADHA GOBINDA DEB NATH,KHANA PROVA BHOWMIK,Active,"VILL: RAMD, PO: BHUIYERHAT, KABIRHAT, NOAKHALI",01717379000,00025652,07.08.2014,53,07.08.2014,Hinduism,MSS (ECONOMICS),[22] ECONOMICS,LECTURER
55,8660215784,03-05-1965,Male,PROFESSOR MOHAMMAD MUKTAR HUSSAIN,Office Phone: 02334433587,$2y$10$F2mT3623B91AOAKb3IjC2uJ5c3JAyiRwCEffPUu2nCQ1KBD6DlFnK,Vice-Principal,A+,muktarhussain1965@gmail.com,photo2022-06-01-04-10-53_6296e6cdaa741.jpg,MOHAMMAD ALI NAZAJ,AMENA KHATUN,Active,"SHOTABODDA, SHIVPUR NORSINDI",01717302950    ,00003326,<blank>,2,29-11-2021,Islam,MASTERS,[19] POLITICAL SCIENCE,VICE PRINCIPAL

