TABLE_NAME,COLUMN_NAME,TABLE_SCHEMA,TABLE_CATALOG,CONSTRAINT_NAME,ORDINAL_POSITION,CONSTRAINT_SCHEMA,CONSTRAINT_CATALOG,REFERENCED_TABLE_NAME,REFERENCED_COLUMN_NAME,REFERENCED_TABLE_SCHEMA,POSITION_IN_UNIQUE_CONSTRAINT
tbl_admin,id,noakhalicollgov_50years,def,PRIMARY,1,noakhalicollgov_50years,def,NULL,NULL,NULL,NULL
tbl_site,id,noakhalicollgov_50years,def,PRIMARY,1,noakhalicollgov_50years,def,NULL,NULL,NULL,NULL
tbl_menu,id,noakhalicollgov_50years,def,PRIMARY,1,noakhalicollgov_50years,def,NULL,NULL,NULL,NULL
tbl_page,id,noakhalicollgov_50years,def,PRIMARY,1,noakhalicollgov_50years,def,NULL,NULL,NULL,NULL
admin,id,noakhali_i17,def,PRIMARY,1,noakhali_i17,def,NULL,NULL,NULL,NULL
admin,email,noakhali_i17,def,email,1,noakhali_i17,def,NULL,NULL,NULL,NULL
tbl_admin,id,noakhali_i17,def,PRIMARY,1,noakhali_i17,def,NULL,NULL,NULL,NULL
library,id,noakhali_i17,def,PRIMARY,1,noakhali_i17,def,NULL,NULL,NULL,NULL
contact,id,noakhali_i17,def,id,1,noakhali_i17,def,NULL,NULL,NULL,NULL
page,id,noakhali_i17,def,PRIMARY,1,noakhali_i17,def,NULL,NULL,NULL,NULL
site,id,noakhali_i17,def,PRIMARY,1,noakhali_i17,def,NULL,NULL,NULL,NULL
students,id,noakhali_i17,def,PRIMARY,1,noakhali_i17,def,NULL,NULL,NULL,NULL
students,id,noakhali_i17,def,id,1,noakhali_i17,def,NULL,NULL,NULL,NULL
students,sid,noakhali_i17,def,sid,1,noakhali_i17,def,NULL,NULL,NULL,NULL
department,id,noakhali_i17,def,PRIMARY,1,noakhali_i17,def,NULL,NULL,NULL,NULL
scroller,id,noakhali_i17,def,PRIMARY,1,noakhali_i17,def,NULL,NULL,NULL,NULL
videos,video_id,noakhali_i17,def,PRIMARY,1,noakhali_i17,def,NULL,NULL,NULL,NULL
photos,id,noakhali_i17,def,PRIMARY,1,noakhali_i17,def,NULL,NULL,NULL,NULL
menu,id,noakhali_i17,def,PRIMARY,1,noakhali_i17,def,NULL,NULL,NULL,NULL
slider,id,noakhali_i17,def,PRIMARY,1,noakhali_i17,def,NULL,NULL,NULL,NULL
photo_album,id,noakhali_i17,def,PRIMARY,1,noakhali_i17,def,NULL,NULL,NULL,NULL
students_attendance,id,noakhali_i17,def,PRIMARY,1,noakhali_i17,def,NULL,NULL,NULL,NULL
external_link,id,noakhali_i17,def,PRIMARY,1,noakhali_i17,def,NULL,NULL,NULL,NULL
teacher_staff_attendance,id,noakhali_i17,def,PRIMARY,1,noakhali_i17,def,NULL,NULL,NULL,NULL
teacher_staff,id,noakhali_i17,def,PRIMARY,1,noakhali_i17,def,NULL,NULL,NULL,NULL
teacher_staff,indexno,noakhali_i17,def,indexno,1,noakhali_i17,def,NULL,NULL,NULL,NULL

