GRANTEE,IS_GRANTABLE,TABLE_SCHEMA,TABLE_CATALOG,PRIVILEGE_TYPE
'noakhali_imoon'@'localhost',NO,noakhali\\_i17,def,SELECT
'noakhali_imoon'@'localhost',NO,noakhali\\_i17,def,INSERT
'noakhali_imoon'@'localhost',NO,noakhali\\_i17,def,UPDATE
'noakhali_imoon'@'localhost',NO,noakhali\\_i17,def,DELETE
'noakhali_imoon'@'localhost',NO,noakhali\\_i17,def,CREATE
'noakhali_imoon'@'localhost',NO,noakhali\\_i17,def,DROP
'noakhali_imoon'@'localhost',NO,noakhali\\_i17,def,REFERENCES
'noakhali_imoon'@'localhost',NO,noakhali\\_i17,def,INDEX
'noakhali_imoon'@'localhost',NO,noakhali\\_i17,def,ALTER
'noakhali_imoon'@'localhost',NO,noakhali\\_i17,def,CREATE TEMPORARY TABLES
'noakhali_imoon'@'localhost',NO,noakhali\\_i17,def,LOCK TABLES
'noakhali_imoon'@'localhost',NO,noakhali\\_i17,def,EXECUTE
'noakhali_imoon'@'localhost',NO,noakhali\\_i17,def,CREATE VIEW
'noakhali_imoon'@'localhost',NO,noakhali\\_i17,def,SHOW VIEW
'noakhali_imoon'@'localhost',NO,noakhali\\_i17,def,CREATE ROUTINE
'noakhali_imoon'@'localhost',NO,noakhali\\_i17,def,ALTER ROUTINE
'noakhali_imoon'@'localhost',NO,noakhali\\_i17,def,EVENT
'noakhali_imoon'@'localhost',NO,noakhali\\_i17,def,TRIGGER
'noakhali_imoon'@'localhost',NO,noakhali\\_i17,def,DELETE HISTORY
'noakhali_imoon'@'localhost',NO,noakhalicollgov\\_50years,def,SELECT
'noakhali_imoon'@'localhost',NO,noakhalicollgov\\_50years,def,INSERT
'noakhali_imoon'@'localhost',NO,noakhalicollgov\\_50years,def,UPDATE
'noakhali_imoon'@'localhost',NO,noakhalicollgov\\_50years,def,DELETE
'noakhali_imoon'@'localhost',NO,noakhalicollgov\\_50years,def,CREATE
'noakhali_imoon'@'localhost',NO,noakhalicollgov\\_50years,def,DROP
'noakhali_imoon'@'localhost',NO,noakhalicollgov\\_50years,def,REFERENCES
'noakhali_imoon'@'localhost',NO,noakhalicollgov\\_50years,def,INDEX
'noakhali_imoon'@'localhost',NO,noakhalicollgov\\_50years,def,ALTER
'noakhali_imoon'@'localhost',NO,noakhalicollgov\\_50years,def,CREATE TEMPORARY TABLES
'noakhali_imoon'@'localhost',NO,noakhalicollgov\\_50years,def,LOCK TABLES
'noakhali_imoon'@'localhost',NO,noakhalicollgov\\_50years,def,EXECUTE
'noakhali_imoon'@'localhost',NO,noakhalicollgov\\_50years,def,CREATE VIEW
'noakhali_imoon'@'localhost',NO,noakhalicollgov\\_50years,def,SHOW VIEW
'noakhali_imoon'@'localhost',NO,noakhalicollgov\\_50years,def,CREATE ROUTINE
'noakhali_imoon'@'localhost',NO,noakhalicollgov\\_50years,def,ALTER ROUTINE
'noakhali_imoon'@'localhost',NO,noakhalicollgov\\_50years,def,EVENT
'noakhali_imoon'@'localhost',NO,noakhalicollgov\\_50years,def,TRIGGER
'noakhali_imoon'@'localhost',NO,noakhalicollgov\\_50years,def,DELETE HISTORY

