PACKED,COMMENT,NULLABLE,SUB_PART,INDEX_NAME,INDEX_TYPE,NON_UNIQUE,TABLE_NAME,COLUMN_NAME,COLLATION,INDEX_SCHEMA,SEQ_IN_INDEX,TABLE_SCHEMA,INDEX_COMMENT,TABLE_CATALOG,CARDINALITY
NULL,<blank>,<blank>,NULL,PRIMARY,BTREE,0,tbl_admin,id,A,noakhalicollgov_50years,1,noakhalicollgov_50years,<blank>,def,0
NULL,<blank>,<blank>,NULL,PRIMARY,BTREE,0,tbl_site,id,A,noakhalicollgov_50years,1,noakhalicollgov_50years,<blank>,def,0
NULL,<blank>,<blank>,NULL,id,BTREE,1,tbl_site,id,A,noakhalicollgov_50years,1,noakhalicollgov_50years,<blank>,def,0
NULL,<blank>,<blank>,NULL,PRIMARY,BTREE,0,tbl_menu,id,A,noakhalicollgov_50years,1,noakhalicollgov_50years,<blank>,def,3
NULL,<blank>,<blank>,NULL,PRIMARY,BTREE,0,tbl_page,id,A,noakhalicollgov_50years,1,noakhalicollgov_50years,<blank>,def,13
NULL,<blank>,<blank>,NULL,PRIMARY,BTREE,0,admin,id,A,noakhali_i17,1,noakhali_i17,<blank>,def,1
NULL,<blank>,<blank>,NULL,email,BTREE,0,admin,email,A,noakhali_i17,1,noakhali_i17,<blank>,def,1
NULL,<blank>,<blank>,NULL,PRIMARY,BTREE,0,tbl_admin,id,A,noakhali_i17,1,noakhali_i17,<blank>,def,0
NULL,<blank>,<blank>,NULL,PRIMARY,BTREE,0,library,id,A,noakhali_i17,1,noakhali_i17,<blank>,def,0
NULL,<blank>,<blank>,NULL,id,BTREE,0,contact,id,A,noakhali_i17,1,noakhali_i17,<blank>,def,2
NULL,<blank>,<blank>,NULL,id_2,BTREE,1,contact,id,A,noakhali_i17,1,noakhali_i17,<blank>,def,2
NULL,<blank>,<blank>,NULL,PRIMARY,BTREE,0,page,id,A,noakhali_i17,1,noakhali_i17,<blank>,def,179
NULL,<blank>,<blank>,NULL,PRIMARY,BTREE,0,site,id,A,noakhali_i17,1,noakhali_i17,<blank>,def,0
NULL,<blank>,<blank>,NULL,PRIMARY,BTREE,0,students,id,A,noakhali_i17,1,noakhali_i17,<blank>,def,2
NULL,<blank>,<blank>,NULL,id,BTREE,0,students,id,A,noakhali_i17,1,noakhali_i17,<blank>,def,2
NULL,<blank>,<blank>,NULL,sid,BTREE,0,students,sid,A,noakhali_i17,1,noakhali_i17,<blank>,def,2
NULL,<blank>,<blank>,NULL,PRIMARY,BTREE,0,department,id,A,noakhali_i17,1,noakhali_i17,<blank>,def,17
NULL,<blank>,<blank>,NULL,PRIMARY,BTREE,0,scroller,id,A,noakhali_i17,1,noakhali_i17,<blank>,def,0
NULL,<blank>,<blank>,NULL,PRIMARY,BTREE,0,videos,video_id,A,noakhali_i17,1,noakhali_i17,<blank>,def,0
NULL,<blank>,<blank>,NULL,PRIMARY,BTREE,0,photos,id,A,noakhali_i17,1,noakhali_i17,<blank>,def,26
NULL,<blank>,<blank>,NULL,PRIMARY,BTREE,0,menu,id,A,noakhali_i17,1,noakhali_i17,<blank>,def,20
NULL,<blank>,<blank>,NULL,PRIMARY,BTREE,0,slider,id,A,noakhali_i17,1,noakhali_i17,<blank>,def,10
NULL,<blank>,<blank>,NULL,PRIMARY,BTREE,0,photo_album,id,A,noakhali_i17,1,noakhali_i17,<blank>,def,4
NULL,<blank>,<blank>,NULL,PRIMARY,BTREE,0,students_attendance,id,A,noakhali_i17,1,noakhali_i17,<blank>,def,0
NULL,<blank>,<blank>,NULL,PRIMARY,BTREE,0,external_link,id,A,noakhali_i17,1,noakhali_i17,<blank>,def,11
NULL,<blank>,<blank>,NULL,PRIMARY,BTREE,0,teacher_staff_attendance,id,A,noakhali_i17,1,noakhali_i17,<blank>,def,0
NULL,<blank>,<blank>,NULL,PRIMARY,BTREE,0,teacher_staff,id,A,noakhali_i17,1,noakhali_i17,<blank>,def,52
NULL,<blank>,<blank>,NULL,indexno,BTREE,0,teacher_staff,indexno,A,noakhali_i17,1,noakhali_i17,<blank>,def,52

