ENGINE,CHECKSUM,DATA_FREE,VERSION,CHECK_TIME,ROW_FORMAT,TABLE_NAME,TABLE_ROWS,TABLE_TYPE,CREATE_TIME,DATA_LENGTH,UPDATE_TIME,TEMPORARY,INDEX_LENGTH,TABLE_SCHEMA,TABLE_CATALOG,TABLE_COMMENT,AUTO_INCREMENT,AVG_ROW_LENGTH,CREATE_OPTIONS,MAX_DATA_LENGTH,TABLE_COLLATION,MAX_INDEX_LENGTH
Aria,NULL,0,11,NULL,Page,ALL_PLUGINS,NULL,SYSTEM VIEW,2022-09-08 02:25:51,8192,2022-09-08 02:25:51,Y,8192,information_schema,def,<blank>,NULL,0,max_rows=9441,4503599627288576,utf8_general_ci,137438945280
MEMORY,NULL,0,11,NULL,Fixed,APPLICABLE_ROLES,NULL,SYSTEM VIEW,2022-09-08 02:25:51,0,NULL,Y,0,information_schema,def,<blank>,NULL,979,max_rows=17137,16691950,utf8_general_ci,0
MEMORY,NULL,0,11,NULL,Fixed,CHARACTER_SETS,NULL,SYSTEM VIEW,2022-09-08 02:25:52,0,NULL,Y,0,information_schema,def,<blank>,NULL,384,max_rows=43690,16434816,utf8_general_ci,0
Aria,NULL,0,11,NULL,Page,CHECK_CONSTRAINTS,NULL,SYSTEM VIEW,2022-09-08 02:25:52,8192,2022-09-08 02:25:52,Y,8192,information_schema,def,<blank>,NULL,0,max_rows=7880,4503599627288576,utf8_general_ci,137438945280
MEMORY,NULL,0,11,NULL,Fixed,COLLATIONS,NULL,SYSTEM VIEW,2022-09-08 02:25:53,0,NULL,Y,0,information_schema,def,<blank>,NULL,231,max_rows=72628,16704765,utf8_general_ci,0
MEMORY,NULL,0,11,NULL,Fixed,COLLATION_CHARACTER_SET_APPLICABILITY,NULL,SYSTEM VIEW,2022-09-08 02:25:53,0,NULL,Y,0,information_schema,def,<blank>,NULL,195,max_rows=86037,16357770,utf8_general_ci,0
Aria,NULL,0,11,NULL,Page,COLUMNS,NULL,SYSTEM VIEW,2022-09-08 02:25:53,8192,2022-09-08 02:25:53,Y,8192,information_schema,def,<blank>,NULL,0,max_rows=2712,4503599627288576,utf8_general_ci,137438945280
MEMORY,NULL,0,11,NULL,Fixed,COLUMN_PRIVILEGES,NULL,SYSTEM VIEW,2022-09-08 02:25:55,0,NULL,Y,0,information_schema,def,<blank>,NULL,2893,max_rows=5799,16759149,utf8_general_ci,0
MEMORY,NULL,0,11,NULL,Fixed,ENABLED_ROLES,NULL,SYSTEM VIEW,2022-09-08 02:25:55,0,NULL,Y,0,information_schema,def,<blank>,NULL,387,max_rows=43351,16563213,utf8_general_ci,0
MEMORY,NULL,0,11,NULL,Fixed,ENGINES,NULL,SYSTEM VIEW,2022-09-08 02:25:56,0,NULL,Y,0,information_schema,def,<blank>,NULL,731,max_rows=22951,16663145,utf8_general_ci,0
Aria,NULL,0,11,NULL,Page,EVENTS,NULL,SYSTEM VIEW,2022-09-08 02:25:56,8192,2022-09-08 02:25:56,Y,8192,information_schema,def,<blank>,NULL,0,max_rows=611,4503599627288576,utf8_general_ci,137438945280
MEMORY,NULL,0,11,NULL,Fixed,FILES,NULL,SYSTEM VIEW,2022-09-08 02:25:56,0,NULL,Y,0,information_schema,def,<blank>,NULL,4022,max_rows=4171,16767718,utf8_general_ci,0
MEMORY,NULL,0,11,NULL,Fixed,GLOBAL_STATUS,NULL,SYSTEM VIEW,2022-09-08 02:25:57,0,NULL,Y,0,information_schema,def,<blank>,NULL,6340,max_rows=2646,16762960,utf8_general_ci,0
MEMORY,NULL,0,11,NULL,Fixed,GLOBAL_VARIABLES,NULL,SYSTEM VIEW,2022-09-08 02:25:57,0,NULL,Y,0,information_schema,def,<blank>,NULL,6340,max_rows=2646,16762960,utf8_general_ci,0
MEMORY,NULL,0,11,NULL,Fixed,KEYWORDS,NULL,SYSTEM VIEW,2022-09-08 02:25:58,0,NULL,Y,0,information_schema,def,<blank>,NULL,194,max_rows=86480,16273884,utf8_general_ci,0
MEMORY,NULL,0,11,NULL,Fixed,KEY_CACHES,NULL,SYSTEM VIEW,2022-09-08 02:25:58,0,NULL,Y,0,information_schema,def,<blank>,NULL,659,max_rows=25458,16650294,utf8_general_ci,0
MEMORY,NULL,0,11,NULL,Fixed,KEY_COLUMN_USAGE,NULL,SYSTEM VIEW,2022-09-08 02:25:59,0,NULL,Y,0,information_schema,def,<blank>,NULL,4637,max_rows=3618,16762755,utf8_general_ci,0
Aria,NULL,0,11,NULL,Page,PARAMETERS,NULL,SYSTEM VIEW,2022-09-08 02:25:59,8192,2022-09-08 02:25:59,Y,8192,information_schema,def,<blank>,NULL,0,max_rows=6030,4503599627288576,utf8_general_ci,137438945280
Aria,NULL,0,11,NULL,Page,PARTITIONS,NULL,SYSTEM VIEW,2022-09-08 02:26:00,8192,2022-09-08 02:26:00,Y,8192,information_schema,def,<blank>,NULL,0,max_rows=5579,4503599627288576,utf8_general_ci,137438945280
Aria,NULL,0,11,NULL,Page,PLUGINS,NULL,SYSTEM VIEW,2022-09-08 02:26:00,8192,2022-09-08 02:26:00,Y,8192,information_schema,def,<blank>,NULL,0,max_rows=9441,4503599627288576,utf8_general_ci,137438945280
Aria,NULL,0,11,NULL,Page,PROCESSLIST,NULL,SYSTEM VIEW,2022-09-08 02:26:00,8192,2022-09-08 02:26:00,Y,8192,information_schema,def,<blank>,NULL,0,max_rows=15224,4503599627288576,utf8_general_ci,137438945280
MEMORY,NULL,0,11,NULL,Fixed,PROFILING,NULL,SYSTEM VIEW,2022-09-08 02:26:01,0,NULL,Y,0,information_schema,def,<blank>,NULL,308,max_rows=54471,16562084,utf8_general_ci,0
MEMORY,NULL,0,11,NULL,Fixed,REFERENTIAL_CONSTRAINTS,NULL,SYSTEM VIEW,2022-09-08 02:26:01,0,NULL,Y,0,information_schema,def,<blank>,NULL,4814,max_rows=3485,16767162,utf8_general_ci,0
Aria,NULL,0,11,NULL,Page,ROUTINES,NULL,SYSTEM VIEW,2022-09-08 02:26:02,8192,2022-09-08 02:26:02,Y,8192,information_schema,def,<blank>,NULL,0,max_rows=576,4503599627288576,utf8_general_ci,137438945280
MEMORY,NULL,0,11,NULL,Fixed,SCHEMATA,NULL,SYSTEM VIEW,2022-09-08 02:26:02,0,NULL,Y,0,information_schema,def,<blank>,NULL,3464,max_rows=4843,16738048,utf8_general_ci,0
MEMORY,NULL,0,11,NULL,Fixed,SCHEMA_PRIVILEGES,NULL,SYSTEM VIEW,2022-09-08 02:26:03,0,NULL,Y,0,information_schema,def,<blank>,NULL,2507,max_rows=6692,16741746,utf8_general_ci,0
MEMORY,NULL,0,11,NULL,Fixed,SESSION_STATUS,NULL,SYSTEM VIEW,2022-09-08 02:26:03,0,NULL,Y,0,information_schema,def,<blank>,NULL,6340,max_rows=2646,16762960,utf8_general_ci,0
MEMORY,NULL,0,11,NULL,Fixed,SESSION_VARIABLES,NULL,SYSTEM VIEW,2022-09-08 02:26:04,0,NULL,Y,0,information_schema,def,<blank>,NULL,6340,max_rows=2646,16762960,utf8_general_ci,0
MEMORY,NULL,0,11,NULL,Fixed,STATISTICS,NULL,SYSTEM VIEW,2022-09-08 02:26:05,0,NULL,Y,0,information_schema,def,<blank>,NULL,5753,max_rows=2916,16752736,utf8_general_ci,0
MEMORY,NULL,0,11,NULL,Fixed,SQL_FUNCTIONS,NULL,SYSTEM VIEW,2022-09-08 02:26:05,0,NULL,Y,0,information_schema,def,<blank>,NULL,194,max_rows=86480,16273884,utf8_general_ci,0
Aria,NULL,0,11,NULL,Page,SYSTEM_VARIABLES,NULL,SYSTEM VIEW,2022-09-08 02:26:05,8192,2022-09-08 02:26:05,Y,8192,information_schema,def,<blank>,NULL,0,max_rows=651,4503599627288576,utf8_general_ci,137438945280
MEMORY,NULL,0,11,NULL,Fixed,TABLES,NULL,SYSTEM VIEW,2022-09-08 02:26:06,0,NULL,Y,0,information_schema,def,<blank>,NULL,14841,max_rows=1130,16755489,utf8_general_ci,0
MEMORY,NULL,0,11,NULL,Fixed,TABLESPACES,NULL,SYSTEM VIEW,2022-09-08 02:26:06,0,NULL,Y,0,information_schema,def,<blank>,NULL,6951,max_rows=2413,16772763,utf8_general_ci,0
MEMORY,NULL,0,11,NULL,Fixed,TABLE_CONSTRAINTS,NULL,SYSTEM VIEW,2022-09-08 02:26:07,0,NULL,Y,0,information_schema,def,<blank>,NULL,2504,max_rows=6700,16721712,utf8_general_ci,0
MEMORY,NULL,0,11,NULL,Fixed,TABLE_PRIVILEGES,NULL,SYSTEM VIEW,2022-09-08 02:26:07,0,NULL,Y,0,information_schema,def,<blank>,NULL,2700,max_rows=6213,16750800,utf8_general_ci,0
Aria,NULL,0,11,NULL,Page,TRIGGERS,NULL,SYSTEM VIEW,2022-09-08 02:26:08,8192,2022-09-08 02:26:08,Y,8192,information_schema,def,<blank>,NULL,0,max_rows=563,4503599627288576,utf8_general_ci,137438945280
MEMORY,NULL,0,11,NULL,Fixed,USER_PRIVILEGES,NULL,SYSTEM VIEW,2022-09-08 02:26:08,0,NULL,Y,0,information_schema,def,<blank>,NULL,2314,max_rows=7250,16732534,utf8_general_ci,0
Aria,NULL,0,11,NULL,Page,VIEWS,NULL,SYSTEM VIEW,2022-09-08 02:26:08,8192,2022-09-08 02:26:08,Y,8192,information_schema,def,<blank>,NULL,0,max_rows=6019,4503599627288576,utf8_general_ci,137438945280
MEMORY,NULL,0,11,NULL,Fixed,GEOMETRY_COLUMNS,NULL,SYSTEM VIEW,2022-09-08 02:26:09,0,NULL,Y,0,information_schema,def,<blank>,NULL,4244,max_rows=3953,16759556,utf8_general_ci,0
MEMORY,NULL,0,11,NULL,Fixed,SPATIAL_REF_SYS,NULL,SYSTEM VIEW,2022-09-08 02:26:09,0,NULL,Y,0,information_schema,def,<blank>,NULL,7691,max_rows=2181,16758689,utf8_general_ci,0
MEMORY,NULL,0,11,NULL,Fixed,CLIENT_STATISTICS,NULL,SYSTEM VIEW,2022-09-08 02:26:10,0,NULL,Y,0,information_schema,def,<blank>,NULL,386,max_rows=43464,16520414,utf8_general_ci,0
MEMORY,NULL,0,11,NULL,Fixed,INDEX_STATISTICS,NULL,SYSTEM VIEW,2022-09-08 02:26:10,0,NULL,Y,0,information_schema,def,<blank>,NULL,1743,max_rows=9625,16765917,utf8_general_ci,0
MEMORY,NULL,0,11,NULL,Fixed,INNODB_SYS_DATAFILES,NULL,SYSTEM VIEW,2022-09-08 02:26:11,0,NULL,Y,0,information_schema,def,<blank>,NULL,12007,max_rows=1397,16773779,utf8_general_ci,0
MEMORY,NULL,0,11,NULL,Fixed,USER_STATISTICS,NULL,SYSTEM VIEW,2022-09-08 02:26:11,0,NULL,Y,0,information_schema,def,<blank>,NULL,567,max_rows=29589,16747479,utf8_general_ci,0
MEMORY,NULL,0,11,NULL,Fixed,INNODB_SYS_TABLESTATS,NULL,SYSTEM VIEW,2022-09-08 02:26:11,0,NULL,Y,0,information_schema,def,<blank>,NULL,1215,max_rows=13808,16763355,utf8_general_ci,0
MEMORY,NULL,0,11,NULL,Fixed,INNODB_LOCKS,NULL,SYSTEM VIEW,2022-09-08 02:26:12,0,NULL,Y,0,information_schema,def,<blank>,NULL,31244,max_rows=536,16746784,utf8_general_ci,0
MEMORY,NULL,0,11,NULL,Fixed,INNODB_MUTEXES,NULL,SYSTEM VIEW,2022-09-08 02:26:12,0,NULL,Y,0,information_schema,def,<blank>,NULL,24017,max_rows=698,16763866,utf8_general_ci,0
MEMORY,NULL,0,11,NULL,Fixed,INNODB_CMPMEM,NULL,SYSTEM VIEW,2022-09-08 02:26:13,0,NULL,Y,0,information_schema,def,<blank>,NULL,29,max_rows=578524,15204352,utf8_general_ci,0
MEMORY,NULL,0,11,NULL,Fixed,INNODB_CMP_PER_INDEX,NULL,SYSTEM VIEW,2022-09-08 02:26:13,0,NULL,Y,0,information_schema,def,<blank>,NULL,1755,max_rows=9559,16728660,utf8_general_ci,0
MEMORY,NULL,0,11,NULL,Fixed,INNODB_CMP,NULL,SYSTEM VIEW,2022-09-08 02:26:14,0,NULL,Y,0,information_schema,def,<blank>,NULL,25,max_rows=671088,13107200,utf8_general_ci,0
MEMORY,NULL,0,11,NULL,Fixed,INNODB_FT_DELETED,NULL,SYSTEM VIEW,2022-09-08 02:26:14,0,NULL,Y,0,information_schema,def,<blank>,NULL,9,max_rows=1864135,9437184,utf8_general_ci,0
MEMORY,NULL,0,11,NULL,Fixed,INNODB_CMP_RESET,NULL,SYSTEM VIEW,2022-09-08 02:26:14,0,NULL,Y,0,information_schema,def,<blank>,NULL,25,max_rows=671088,13107200,utf8_general_ci,0
MEMORY,NULL,0,11,NULL,Fixed,INNODB_LOCK_WAITS,NULL,SYSTEM VIEW,2022-09-08 02:26:15,0,NULL,Y,0,information_schema,def,<blank>,NULL,599,max_rows=28008,16749238,utf8_general_ci,0
MEMORY,NULL,0,11,NULL,Fixed,TABLE_STATISTICS,NULL,SYSTEM VIEW,2022-09-08 02:26:15,0,NULL,Y,0,information_schema,def,<blank>,NULL,1181,max_rows=14205,16733589,utf8_general_ci,0
MEMORY,NULL,0,11,NULL,Fixed,INNODB_TABLESPACES_ENCRYPTION,NULL,SYSTEM VIEW,2022-09-08 02:26:17,0,NULL,Y,0,information_schema,def,<blank>,NULL,2012,max_rows=8338,16743864,utf8_general_ci,0
MEMORY,NULL,0,11,NULL,Fixed,INNODB_BUFFER_PAGE_LRU,NULL,SYSTEM VIEW,2022-09-08 02:26:18,0,NULL,Y,0,information_schema,def,<blank>,NULL,6669,max_rows=2515,16765866,utf8_general_ci,0
MEMORY,NULL,0,11,NULL,Fixed,INNODB_SYS_FIELDS,NULL,SYSTEM VIEW,2022-09-08 02:26:18,0,NULL,Y,0,information_schema,def,<blank>,NULL,594,max_rows=28244,16609428,utf8_general_ci,0
MEMORY,NULL,0,11,NULL,Fixed,INNODB_CMPMEM_RESET,NULL,SYSTEM VIEW,2022-09-08 02:26:18,0,NULL,Y,0,information_schema,def,<blank>,NULL,29,max_rows=578524,15204352,utf8_general_ci,0
MEMORY,NULL,0,11,NULL,Fixed,INNODB_SYS_COLUMNS,NULL,SYSTEM VIEW,2022-09-08 02:26:19,0,NULL,Y,0,information_schema,def,<blank>,NULL,610,max_rows=27503,16613350,utf8_general_ci,0
MEMORY,NULL,0,11,NULL,Fixed,INNODB_FT_INDEX_TABLE,NULL,SYSTEM VIEW,2022-09-08 02:26:19,0,NULL,Y,0,information_schema,def,<blank>,NULL,1054,max_rows=15917,16744898,utf8_general_ci,0
MEMORY,NULL,0,11,NULL,Fixed,INNODB_CMP_PER_INDEX_RESET,NULL,SYSTEM VIEW,2022-09-08 02:26:20,0,NULL,Y,0,information_schema,def,<blank>,NULL,1755,max_rows=9559,16728660,utf8_general_ci,0
MEMORY,NULL,0,11,NULL,Fixed,user_variables,NULL,SYSTEM VIEW,2022-09-08 02:26:20,0,NULL,Y,0,information_schema,def,<blank>,NULL,6630,max_rows=2530,16767270,utf8_general_ci,0
MEMORY,NULL,0,11,NULL,Fixed,INNODB_FT_INDEX_CACHE,NULL,SYSTEM VIEW,2022-09-08 02:26:21,0,NULL,Y,0,information_schema,def,<blank>,NULL,1054,max_rows=15917,16744898,utf8_general_ci,0
MEMORY,NULL,0,11,NULL,Fixed,INNODB_SYS_FOREIGN_COLS,NULL,SYSTEM VIEW,2022-09-08 02:26:22,0,NULL,Y,0,information_schema,def,<blank>,NULL,1748,max_rows=9597,16738848,utf8_general_ci,0
MEMORY,NULL,0,11,NULL,Fixed,INNODB_FT_BEING_DELETED,NULL,SYSTEM VIEW,2022-09-08 02:26:23,0,NULL,Y,0,information_schema,def,<blank>,NULL,9,max_rows=1864135,9437184,utf8_general_ci,0
MEMORY,NULL,0,11,NULL,Fixed,INNODB_BUFFER_POOL_STATS,NULL,SYSTEM VIEW,2022-09-08 02:26:23,0,NULL,Y,0,information_schema,def,<blank>,NULL,257,max_rows=65280,16332350,utf8_general_ci,0
MEMORY,NULL,0,11,NULL,Fixed,INNODB_TRX,NULL,SYSTEM VIEW,2022-09-08 02:26:24,0,NULL,Y,0,information_schema,def,<blank>,NULL,4530,max_rows=3703,16751940,utf8_general_ci,0
MEMORY,NULL,0,11,NULL,Fixed,INNODB_SYS_FOREIGN,NULL,SYSTEM VIEW,2022-09-08 02:26:24,0,NULL,Y,0,information_schema,def,<blank>,NULL,1752,max_rows=9576,16700064,utf8_general_ci,0
MEMORY,NULL,0,11,NULL,Fixed,INNODB_SYS_TABLES,NULL,SYSTEM VIEW,2022-09-08 02:26:24,0,NULL,Y,0,information_schema,def,<blank>,NULL,2060,max_rows=8144,16743680,utf8_general_ci,0
MEMORY,NULL,0,11,NULL,Fixed,INNODB_FT_DEFAULT_STOPWORD,NULL,SYSTEM VIEW,2022-09-08 02:26:25,0,NULL,Y,0,information_schema,def,<blank>,NULL,56,max_rows=299593,14680064,utf8_general_ci,0
MEMORY,NULL,0,11,NULL,Fixed,INNODB_FT_CONFIG,NULL,SYSTEM VIEW,2022-09-08 02:26:25,0,NULL,Y,0,information_schema,def,<blank>,NULL,1163,max_rows=14425,16705332,utf8_general_ci,0
MEMORY,NULL,0,11,NULL,Fixed,INNODB_BUFFER_PAGE,NULL,SYSTEM VIEW,2022-09-08 02:26:26,0,NULL,Y,0,information_schema,def,<blank>,NULL,6852,max_rows=2448,16766844,utf8_general_ci,0
MEMORY,NULL,0,11,NULL,Fixed,INNODB_SYS_TABLESPACES,NULL,SYSTEM VIEW,2022-09-08 02:26:26,0,NULL,Y,0,information_schema,def,<blank>,NULL,2102,max_rows=7981,16759246,utf8_general_ci,0
MEMORY,NULL,0,11,NULL,Fixed,INNODB_METRICS,NULL,SYSTEM VIEW,2022-09-08 02:26:27,0,NULL,Y,0,information_schema,def,<blank>,NULL,3003,max_rows=5586,16747731,utf8_general_ci,0
MEMORY,NULL,0,11,NULL,Fixed,INNODB_SYS_INDEXES,NULL,SYSTEM VIEW,2022-09-08 02:26:27,0,NULL,Y,0,information_schema,def,<blank>,NULL,618,max_rows=27147,16615548,utf8_general_ci,0
MEMORY,NULL,0,11,NULL,Fixed,INNODB_SYS_VIRTUAL,NULL,SYSTEM VIEW,2022-09-08 02:26:28,0,NULL,Y,0,information_schema,def,<blank>,NULL,17,max_rows=986895,11883850,utf8_general_ci,0
MEMORY,NULL,0,11,NULL,Fixed,INNODB_TABLESPACES_SCRUBBING,NULL,SYSTEM VIEW,2022-09-08 02:26:28,0,NULL,Y,0,information_schema,def,<blank>,NULL,2016,max_rows=8322,16710624,utf8_general_ci,0
MEMORY,NULL,0,11,NULL,Fixed,INNODB_SYS_SEMAPHORE_WAITS,NULL,SYSTEM VIEW,2022-09-08 02:26:28,0,NULL,Y,0,information_schema,def,<blank>,NULL,60189,max_rows=278,16732542,utf8_general_ci,0
InnoDB,NULL,0,10,NULL,Dynamic,tbl_admin,0,BASE TABLE,2022-03-21 13:52:38,16384,NULL,N,0,noakhalicollgov_50years,def,<blank>,3,0,<blank>,0,utf8mb4_general_ci,0
InnoDB,NULL,0,10,NULL,Dynamic,tbl_site,0,BASE TABLE,2022-03-21 13:52:38,16384,NULL,N,16384,noakhalicollgov_50years,def,<blank>,2,0,<blank>,0,utf8mb4_general_ci,0
InnoDB,NULL,0,10,NULL,Dynamic,tbl_menu,3,BASE TABLE,2022-03-21 13:52:38,16384,NULL,N,0,noakhalicollgov_50years,def,<blank>,4,5461,<blank>,0,latin1_swedish_ci,0
InnoDB,NULL,0,10,NULL,Dynamic,tbl_page,13,BASE TABLE,2022-03-21 13:52:38,65536,NULL,N,0,noakhalicollgov_50years,def,<blank>,19,5041,<blank>,0,latin1_swedish_ci,0
MyISAM,NULL,0,10,NULL,Dynamic,admin,1,BASE TABLE,2021-10-02 11:27:20,120,2021-10-02 11:27:20,N,3072,noakhali_i17,def,<blank>,6,120,<blank>,281474976710655,latin1_swedish_ci,288230376151710720
InnoDB,NULL,0,10,NULL,Dynamic,tbl_admin,0,BASE TABLE,2021-10-02 11:27:21,16384,NULL,N,0,noakhali_i17,def,<blank>,3,0,<blank>,0,utf8mb4_general_ci,0
InnoDB,NULL,0,10,NULL,Dynamic,library,0,BASE TABLE,2021-10-02 11:27:20,16384,NULL,N,0,noakhali_i17,def,<blank>,1,0,<blank>,0,latin1_swedish_ci,0
InnoDB,NULL,0,10,NULL,Dynamic,contact,2,BASE TABLE,2021-10-02 11:27:20,16384,NULL,N,16384,noakhali_i17,def,<blank>,11,8192,<blank>,0,latin1_swedish_ci,0
InnoDB,NULL,0,10,NULL,Dynamic,page,179,BASE TABLE,2021-10-02 11:27:21,229376,NULL,N,0,noakhali_i17,def,<blank>,249,1281,<blank>,0,latin1_swedish_ci,0
InnoDB,NULL,0,10,NULL,Dynamic,site,0,BASE TABLE,2021-10-02 11:27:21,16384,NULL,N,0,noakhali_i17,def,<blank>,NULL,0,<blank>,0,latin1_swedish_ci,0
InnoDB,NULL,0,10,NULL,Dynamic,students,2,BASE TABLE,2021-10-02 11:27:21,16384,NULL,N,32768,noakhali_i17,def,<blank>,4,8192,<blank>,0,latin1_swedish_ci,0
InnoDB,NULL,0,10,NULL,Dynamic,department,17,BASE TABLE,2021-10-02 11:27:20,16384,NULL,N,0,noakhali_i17,def,<blank>,36,963,<blank>,0,latin1_swedish_ci,0
InnoDB,NULL,0,10,NULL,Dynamic,scroller,0,BASE TABLE,2021-10-02 11:27:21,16384,NULL,N,0,noakhali_i17,def,<blank>,2,0,<blank>,0,latin1_swedish_ci,0
InnoDB,NULL,0,10,NULL,Dynamic,videos,0,BASE TABLE,2021-10-02 11:27:21,16384,NULL,N,0,noakhali_i17,def,<blank>,3,0,<blank>,0,latin1_swedish_ci,0
MyISAM,NULL,0,10,NULL,Dynamic,photos,26,BASE TABLE,2021-10-02 11:27:21,9476,2022-02-07 14:17:05,N,2048,noakhali_i17,def,<blank>,27,364,<blank>,281474976710655,latin1_swedish_ci,288230376151710720
InnoDB,NULL,0,10,NULL,Dynamic,menu,20,BASE TABLE,2021-10-02 11:27:21,16384,NULL,N,0,noakhali_i17,def,<blank>,39,819,<blank>,0,latin1_swedish_ci,0
MyISAM,NULL,1168,10,NULL,Dynamic,slider,10,BASE TABLE,2021-10-02 11:27:21,2332,2022-03-12 12:49:05,N,2048,noakhali_i17,def,<blank>,76,116,<blank>,281474976710655,latin1_swedish_ci,288230376151710720
InnoDB,NULL,0,10,NULL,Dynamic,photo_album,4,BASE TABLE,2021-10-02 11:27:21,16384,NULL,N,0,noakhali_i17,def,<blank>,5,4096,<blank>,0,latin1_swedish_ci,0
InnoDB,NULL,0,10,NULL,Dynamic,students_attendance,0,BASE TABLE,2021-10-02 11:27:21,16384,NULL,N,0,noakhali_i17,def,<blank>,1,0,<blank>,0,latin1_swedish_ci,0
InnoDB,NULL,0,10,NULL,Dynamic,external_link,11,BASE TABLE,2021-10-02 11:27:20,16384,NULL,N,0,noakhali_i17,def,<blank>,27,1489,<blank>,0,latin1_swedish_ci,0
InnoDB,NULL,0,10,NULL,Dynamic,teacher_staff_attendance,0,BASE TABLE,2021-10-02 11:27:21,16384,NULL,N,0,noakhali_i17,def,<blank>,1,0,<blank>,0,latin1_swedish_ci,0
InnoDB,NULL,0,10,NULL,Dynamic,teacher_staff,52,BASE TABLE,2021-10-02 11:27:21,49152,NULL,N,16384,noakhali_i17,def,<blank>,56,945,<blank>,0,latin1_swedish_ci,0

