TABLE_NAME,TABLE_SCHEMA,CONSTRAINT_NAME,CONSTRAINT_TYPE,CONSTRAINT_SCHEMA,CONSTRAINT_CATALOG
tbl_admin,noakhalicollgov_50years,PRIMARY,PRIMARY KEY,noakhalicollgov_50years,def
tbl_site,noakhalicollgov_50years,PRIMARY,PRIMARY KEY,noakhalicollgov_50years,def
tbl_menu,noakhalicollgov_50years,PRIMARY,PRIMARY KEY,noakhalicollgov_50years,def
tbl_page,noakhalicollgov_50years,PRIMARY,PRIMARY KEY,noakhalicollgov_50years,def
admin,noakhali_i17,PRIMARY,PRIMARY KEY,noakhali_i17,def
admin,noakhali_i17,email,UNIQUE,noakhali_i17,def
tbl_admin,noakhali_i17,PRIMARY,PRIMARY KEY,noakhali_i17,def
library,noakhali_i17,PRIMARY,PRIMARY KEY,noakhali_i17,def
contact,noakhali_i17,id,UNIQUE,noakhali_i17,def
page,noakhali_i17,PRIMARY,PRIMARY KEY,noakhali_i17,def
site,noakhali_i17,PRIMARY,PRIMARY KEY,noakhali_i17,def
students,noakhali_i17,PRIMARY,PRIMARY KEY,noakhali_i17,def
students,noakhali_i17,id,UNIQUE,noakhali_i17,def
students,noakhali_i17,sid,UNIQUE,noakhali_i17,def
department,noakhali_i17,PRIMARY,PRIMARY KEY,noakhali_i17,def
scroller,noakhali_i17,PRIMARY,PRIMARY KEY,noakhali_i17,def
videos,noakhali_i17,PRIMARY,PRIMARY KEY,noakhali_i17,def
photos,noakhali_i17,PRIMARY,PRIMARY KEY,noakhali_i17,def
menu,noakhali_i17,PRIMARY,PRIMARY KEY,noakhali_i17,def
slider,noakhali_i17,PRIMARY,PRIMARY KEY,noakhali_i17,def
photo_album,noakhali_i17,PRIMARY,PRIMARY KEY,noakhali_i17,def
students_attendance,noakhali_i17,PRIMARY,PRIMARY KEY,noakhali_i17,def
external_link,noakhali_i17,PRIMARY,PRIMARY KEY,noakhali_i17,def
teacher_staff_attendance,noakhali_i17,PRIMARY,PRIMARY KEY,noakhali_i17,def
teacher_staff,noakhali_i17,PRIMARY,PRIMARY KEY,noakhali_i17,def
teacher_staff,noakhali_i17,indexno,UNIQUE,noakhali_i17,def

