id,linkurl,linkename
5,http://www.bangladesh.gov.bd/,National Portal
6,http://www.moedu.gov.bd/,Ministry of Education 
8,http://www.banbeis.gov.bd/,Banbeis
9,http://www.scouts.gov.bd/,Scouts Bangladesh 
12,https://www.teachers.gov.bd/,Teacher Web Portal
15,http://nu.edu.bd,National University 
18,https://www.wikipedia.org/,Wikipedia 
19,http://10minuteschool.com,10minuteschool
22,http://www.educationboardresults.gov.bd/,Education Board Result
24,http://exploreit.com.bd,Explore IT
25,http://www.dshe.gov.bd/,DSHE
26,\thttp://www.bmeb.gov.bd/,Madrasa Education Board

