id,sn,photo,user,caption,created
85,1,photo2021-08-24-05-01-21_6124c3710f9f6.jpg,PROFESSOR MD.HABIBUR RAHMAN,উপাধ্যক্ষ মহোদয়,2021-08-24
74,4,photo2017-10-28-18-01-59_59f50c67bb4a6.jpg,Principal,KISHOREGANJ GOVT. MOHILA COLLEGE.,2017-10-29
75,5,photo2017-10-28-18-02-10_59f50c726484a.jpg,Principal,KISHOREGANJ GOVT. MOHILA COLLEGE.,2017-10-29
83,2,photo2019-10-07-06-10-18_5d9b1d1a78793.jpg,PROFESSOR MD.HABIBUR RAHMAN,KISHOREGANJ GOVT. MOHILA COLLEG,2019-10-07
84,3,photo2019-10-07-06-10-37_5d9b1d2d082c4.jpg,PROFESSOR MD.HABIBUR RAHMAN,KISHOREGANJ GOVT. MOHILA COLLEG,2019-10-07
82,1,photo2019-10-07-06-10-09_5d9b1d11ec742.jpg,PROFESSOR MD.HABIBUR RAHMAN,KISHOREGANJ GOVT. MOHILA COLLEG,2019-10-07

