id,nid,dob,sex,name,note,pass,type,blood,email,photo,father,mother,status,address,contact,indexno,joining,sorting,joiningf,religion,education,department,designation
5,4824908347234,1965-03-01,Male,Professor md. Habibur Rahman,-----\r\n        ,21232f297a57a5a743894a0e4a801fc3 (admin),Principal,O+,habibur9563@gmail.com,photo2018-11-08-01-52-34_5be3eb422bc3e.jpg,Md.Abdul Khalaque,Nurjahan Begum,Active,-------\r\n        ,01752895005,0009563,27-01-18,1,25-04-1994,Islam,-------,All Department,Principal
6,2820633507,30/09/1965,Male,MD FUZLUL HOQ,------\r\n        \r\n        ,21232f297a57a5a743894a0e4a801fc3 (admin),Vice-Principal,B+,sagorbdk0@gmil.com,photo2021-08-24-04-17-26_6124b926ec7c8.jpg,MD MOHI UDDIN ,MST NUR BANU,Active,"KISHOREGANJ SADAR ,KISHOREGANJ\r\n        \r\n        ",01711782867,0002163,11/08/2021,2,21/11/1993,Islam,"BA (Honours) MA, Islamic History & Culture",All Department,VICE-PRINCIPAL
7,8827811175260,16/12/1970,Male,MD.MUBARAK HOSSAIN,---,b1c21019afd435194216c87f414e6cce (admini),Teacher,--,mdmubarakhossain70@gmail.com,photo2018-11-14-01-05-21_5bebc931dfed0.jpg,MD.KACHUM ALI BHUYIAN,ALEK CHAN BIBI,Active,"VILL: HOSSAINPUR,POST: VITI GHAGRA, P.STATION: MITHAMOIN ,KISHOREGANJ.",01912961048,00012498,23/06/2010,3,10/12/2003,Islam,MSS (POLITICAL SCIENCE) UNIVERSITY OF DHAKA,All Department,ASSISTANT PROFESSOR
8,492507131488,20/06/1973,Male,MD.MASUDUL ISLAM,---,b1c21019afd435194216c87f414e6cce (admini),Teacher,--,islammasudul1395@gmail.com,photo2018-11-14-01-21-52_5bebcd1003433.jpg,JALAL UDDIN AHMED,MST.ROKEYA BEGUM,Active,"VILL: SHAMBUPUR, POST: BOIROB BAZAR,P.STATION: BOIROB ,KISHOREGANJ",01911888557,00013395,12/11/2014,4,02/07/2005,Islam,MSC (ZOOLOGY) UNIVERSITY OF DHAKA,All Department,ASSISTANT PROFESSOR
9,000,12-12-1969,Female,DILl AFROZA ABBAS,00,1427fa1d4de6825e5d02aa8bac0bca06,Teacher,B+,<blank>,photo2019-10-07-00-16-20_5d9aca2425fc3.jpg,ABBAS UDDIN ,RABEYA KHATUN,Active,"PRATAN COURT R0AD ALORMILA ,KISHOREGANJ SADAR",01718966878,10186,08-06-17,5,25-01-1999,Islam,MASTER OF POLITICAL SCIENCE,All Department,ASSOCIATE PROFESSOR
10,2696829726979,07/08/1978,Male,ABDUL ZOBBAR LITON,00,1427fa1d4de6825e5d02aa8bac0bca06,Teacher,00,azliton78@yahoo.com,photo2019-10-07-00-26-49_5d9acc99890fc.jpg,মোহাম্মদ ইছমাইল মিয়া,মোছা: জুবেদা খাতুন,Active,"GURUDAYAL COLLEGE ROAD ,HARUA ,KISHOREGANJ ",01922558589,00017977,21/12/16,6,19/11/2008,Islam,MASTER OF ECONOMICS,All Department,ASSISTANT PROFESSOR
11,5225501121973,15/12/1974,Male,MOHAMMAD SHAHEDUL HAQUE,00,1427fa1d4de6825e5d02aa8bac0bca06,Teacher,000,haqueshahedul@yahoo.com,photo2019-10-07-00-35-32_5d9acea4ecfd7.jpg,মোহাম্মদ ওয়ায়েজুল হক,সালমা খাতুন,Active,00,01712260823,00013127,27/04/17,7,10/12/2003,Islam,MASTER OF MANAGEMENT,All Department,ASSISTANT PROFESSOR
12,6125203119817,1/01/1977,Male,MOHAMMAD FARHAD HOSSAIN,00,1427fa1d4de6825e5d02aa8bac0bca06,Teacher,00,hossainfarhad1977@gmail.com,photo2019-10-07-00-41-45_5d9ad0198c229.jpg,মৃত এ.কে.এম দেলোয়ার হোসেন,মোছাঃ উম্মে কুলসুম,Active,"PURATAN COURT ROAD ,ALORMELA, KISHOREGANJ",01911367111,00013628,19/09/15,8,02/07/2005,Islam,MASTER OF ACCOUNTING,All Department,ASSISTANT PROFESSOR
13,19784812713484994,31/12/1978,Male,MOHAMMAD JAKIR HOSSAIN,00,1427fa1d4de6825e5d02aa8bac0bca06,Teacher,00,jakir16655@gmail.com,photo2019-10-07-00-50-01_5d9ad20953afe.jpg,মোহাম্মদ নাজিম উদ্দিন,মোছাঃ শরিফা আক্তার,Active,HUSSENPUR SADAR KISHOREGANJ,01716733432,00016655,12/12/17,9,02/04/2006,Islam,MASTER OF MATHEMETICS,All Department,ASSISTANT PROFESSOR
14,19794417165126195,29/09/1979,Male,MD HAIDER ALI,00\r\n        \r\n        ,1427fa1d4de6825e5d02aa8bac0bca06,Teacher,00,haider_27bcs@yahoo.com,photo2019-10-07-01-13-10_5d9ad7769d0d9.jpg,মোঃ লুৎফর রহমান,সহিতন নেসা,Active,KISHOREGANJ GOVT.MOHILA COLLEGE KISHOREGANJ\r\n        \r\n        ,01942247500,00017987,11/11/17,10,18/11/2008,Islam,MASTER OF BANGALI,All Department,ASSISTANT PROFESSOR
15, 7774767706,07/01/1980,Male,ABU HAIDER MOHAMMAD NURA ALAM,00,1427fa1d4de6825e5d02aa8bac0bca06,Teacher,00,sumon_nurealam@yahoo.com,photo2019-10-07-01-21-10_5d9ad95652ddc.jpg,মুছলেহ উদ্দিন আহাম্মেদ,ফরিদা বেগম,Active,KISHOREGANJ GOVT.MOHILA COLLEGE,01912661424, 00018300,26/04/17,11,18/11/2008,Islam,MASTER OF BOTANY,All Department,ASSISTANT PROFESSOR
16,6810711019091,30/10/1982,Male,MD. SAIFUL KABIR,00,1427fa1d4de6825e5d02aa8bac0bca06,Teacher,00,saifulbcs29@gmail.com,photo2019-10-07-01-29-06_5d9adb3291bd5.jpg,মোঃ  ছাবির আলী,সুরাইয়া খাতুন,Active,"KISHOREGANJ GOVT.MOHILA COLLEGE,KISHOREGANJ",01925912342,00022082,10/11/13,12, 01/08/2011,Islam,MASTER OF BOTANY,All Department,LECTURER
17,3313643255198,08/11/1981,Male,MOHAMMAD SELIM HOSSAIN,00\r\n        ,1427fa1d4de6825e5d02aa8bac0bca06,Teacher,00,selim78dc@gmail.com,photo2019-10-07-01-33-47_5d9adc4b4acfa.jpg,মোহাম্মদ মফিজ উদ্দিন,মোসা: সুফিয়া বেগম,Active,"KISHOREGANJ GOVT.MOHILA COLLEGE,KISHOREGANJ\r\n        ",01722106531,00023071,05/10/13,13,03/06/2012,Islam,MASTER OF CHEMISTRY,All Department,LECTURER
18,2696352233064,04/08/1987,Female,AFSANA PARVIN,00,1427fa1d4de6825e5d02aa8bac0bca06,Teacher,00,afsana.parvin@yahoo.com,photo2019-10-07-02-07-28_5d9ae4307e19d.jpg,ডা. মোহাম্মদ আলী,মার্জিনা বেগম,Active,"KISHOREGANJ GOVT.MOHILA COLLEGE,KISHOREGANJ",01938112637,00023201,03/06/12,14,03/06/2012,Islam,MASTER OF HISTORY,All Department,LECTURER
19,19837214740899860,19/08/1983,Male, MOHAMMAD JAHIRUL ISLAM BHUIYA,00,1427fa1d4de6825e5d02aa8bac0bca06,Teacher,00,jahirulibhuiya@gmail.com,photo2019-10-07-02-18-04_5d9ae6ac2961d.jpg,মোহাম্মদ আব্দুল ওয়াহাব ভুঞাঁ,জোছনা বেগম,Active,"KISHOREGANJ GOVT.MOHILA COLLEGE,KISHOREGANJ",01763799771, 00022740,10/04/18,14,03/06/2012,Religion,MASTER OF SOCIAL WORK,All Department,ASSISTANT PROFESSOR
20,4817676235989,23/11/1981,Male,KARTIK SUTRA DHAR,00,1427fa1d4de6825e5d02aa8bac0bca06,Teacher,00,sutradhark7@gmail.com,photo2019-10-07-02-31-43_5d9ae9df39302.jpg,সুনীল সূত্রধর,সাবিত্রী সূত্রধর,Active,"KISHOREGANJ GOVT.MOHILA COLLEGE,KISHOREGANJ",01718038898,00024407,25/01/15,15,23/11/1981,Islam,MASTER OF BANGALI,All Department,LECTURER
21,19863313686228927,01/11/1986,Female,SULTANA RAZIA,000\r\n        ,1427fa1d4de6825e5d02aa8bac0bca06,Teacher,00,raziak1986@gmail.com,photo2019-10-10-04-37-21_5d9efbd18a3a2.jpg,মোঃ মনির হোসেন মানিক,শিরিন সুলতানা,Active,"KISHOREGANJ GOVT.MOHILA COLLEGE,KISHOREGANJ\r\n        ",01799309517,00024816,29/01/15,16,30/10/2013,Islam,স্নাতকোত্তর,All Department,প্রভাষক
22,1591904248973, 30/11/1986,Male,MD RIYAD AHAMED ,00,1427fa1d4de6825e5d02aa8bac0bca06,Teacher,00,riyadahamed1986@gmail.com,photo2019-10-10-04-44-10_5d9efd6a8ba63.jpg,\t মোঃ আহাম্ম্দ আলী সরকার  ,জহুরা  আকতার ,Active,"Kishoreganj govt.Mohila college,kishoreganj",01729662690,00025790,07/08/14,17,07/08/2014,Islam,স্নাতকোত্তর,All Department,প্রভাষক
23,4824908489428,30/11/1987,Female,Tanzila Anan,"Kishoreganj govt.Mohila College,Kishoreganj",1427fa1d4de6825e5d02aa8bac0bca06,Teacher,00,tanzilaanan@gmail.com,photo2019-10-10-04-50-35_5d9efeebd68dd.jpg,দীন মোহাম্মদ,সালমা বেগম,Active,"Kishoreganj govt.Mohila College,Kishoreganj",01936468196,00025589,07/08/2014,15,07/08/2014,Islam,স্নাতকোত্তর,All Department,প্রভাষক
24,5818385121495,25/11/1984,Male,JYOTIRMAY DEB,00,1427fa1d4de6825e5d02aa8bac0bca06,Teacher,00,manna.jyotirmay@gmail.com,photo2019-10-10-04-58-30_5d9f00c6d5d72.jpg,প্রদীপ চন্দ্র দেব,সিন্ধু রানী দেব,Active,"Kishoreganj Govt.Mohila College,Kishoreganj",01717681805, 17135144019,02/05/17,19,02/05/17,Hinduism,স্নাতকোত্তর,All Department,LECTURER
25,19894824909354929,25/05/1989,Female,TANIA JAHAN,00,1427fa1d4de6825e5d02aa8bac0bca06,Teacher,00,tanpia_ph116@yahoo.com,photo2019-10-10-05-07-37_5d9f02e97816f.jpg,মোঃ কবীর উদ্দিন খান,নূরজাহান কবির,Active,"Kishoreganj Govt.Mohila College,Kishoreganj",01783469030,17135128002,02/05/17,20,02/05/17,Islam,স্নাতকোত্তর,All Department,LECTURER
26,8687607971,05/03/1991,Male,SAKEL SARKER,00,1427fa1d4de6825e5d02aa8bac0bca06,Teacher,00,sakelsarker36@gmail.com,photo2019-10-10-05-39-19_5d9f0a572b828.jpg,ABDUL AWAL SARKER, HALIMA SARKER,Active,"Kishoreganj Govt.Mohila College,Kishoreganj",01936322072,18136125048,03/09/18,21,03/09/18,Islam,স্নাতকোত্তর,All Department,LECTURER
27,19884817985919586,22-10-1988,Male,AL-AMIN,0\r\n        ,1427fa1d4de6825e5d02aa8bac0bca06,Teacher,O+ve,sarwar.alamin@gmail.com,photo2020-01-28-23-08-49_5e3113614674c.jpg,IDRISH ALI,JUIANA KATUN,Active,"KISHOREGANJ GOVT.MOHILA COLLEGE ,KISHOREGANKJ\r\n        ",01710828343,18136144003,03-09-2018,22,03-09-2018,Islam,MASTER OF SOCIAL WORK,All Department,LECTURER
28,19934810643000126,05-01-1991,Male,MD. RITON MIAH,Principal office\r\n        \r\n        \r\n        ,77f959f119f4fb2321e9ce801e2f5163 (1502),Staff,B+,ritonmia9@gmail.com,photo2021-03-27-05-26-39_605f085fc2f2a.jpg,MD. SIRAJ MIAH,AJUFA KHATUN,Active,"ALORE MELA, KISHOEGONJ\r\n        \r\n        \r\n        ",01745492123,101328820,<blank>,3,28-07-2019,Islam,HSC,All Department,OFFICE ASSITANT
29,19894811147585361,02-01-1989,Male,MD. NAZRUL ISLAM,staff\r\n        \r\n        \r\n        ,e10adc3949ba59abbe56e057f20f883e (123456),Staff,B+,nazrulislamkp04@gmail.com,photo2021-06-13-02-24-17_60c5b2a164191.jpg,MD. KALU MIAH,JAHANARA ,Active,"vill: kalika proshad, post: kalika proshad, ps: bhairab, dist : kishoreganj\r\n        \r\n        \r\n        ",01921979805,101332870,04-08-2019,5,04-08-2019,Islam,M.B.S,All Department,OFFICE ASSITANT
30,1010865507,01-02-1989,Female,DILRUBA AKTER,staff\r\n        ,e10adc3949ba59abbe56e057f20f883e (123456),Staff,B+,diruba01933@gmail.com,photo2021-06-13-02-23-31_60c5b2735da86.jpg,MD. NURUL HAQUE,ROKEYA BEGUM,Active,"VILL: HOYBOT NAGAR, DANSIRI ROAD, KISHOREGANJ SADAR, KISHOREGANJ\r\n        ",01933550675,101330328,25-07-2019,2,25-07-2019,Islam,M.B.A,All Department,OFFICE ASSITANT
31,4815483522577,12-01-1984,Male,SHANGKAR CHANDRA BARMAN,STAFF,e10adc3949ba59abbe56e057f20f883e (123456),<blank>,B+,shangkar142@gmail.com,photo2021-06-15-00-34-42_60c83bf2320ce.jpg,SUDAN CHANDRA BARMAN,OMARI RANI BARMAN,Active,"VILL: DORIGAON, POST: DUMRAKANDA , THANA: KULIARCHAR, DIST: KISHOREGANJ",01916381434,101330338,04-08/2019,4,04-08-2019,Hinduism,HSC,All Department,OFFICE SHOHAYAK
42,19844813326995456,01-07-1984,Male,MUHAMMAD ZAKARIA,ACCOUNTANT,e10adc3949ba59abbe56e057f20f883e (123456),Staff,AB+,zakariadcinta@gmail.com,photo2021-06-15-05-59-06_60c887fa2c6c0.jpg,MD. NUR UDDIN,TAHURA AKTER,Active,"739/1 CHARSHOLAKIYA, KISHOREGANJ",017107221155/01623954255,101336535,23-03-2021,1,14.10.2020,Islam,BSS (PASS),All Department,ACCOUNTANT

